7.814039587974548340e-01, 1.006736516952514648e+00, 5.019990205764770508e-01, 0.000000000000000000e+00, 0.000000000000000000e+00, 1.516803264617919922e+00, 6.582382321357727051e-02, 7.738682627677917480e-01, 2.508272826671600342e-01, 4.977869093418121338e-01, 8.425645828247070312e-01, 0.000000000000000000e+00, 6.876019835472106934e-01, 1.632912158966064453e-01, 0.000000000000000000e+00, 0.000000000000000000e+00, 0.000000000000000000e+00, 0.000000000000000000e+00, 0.000000000000000000e+00, 5.135819315910339355e-01
8.398390412330627441e-01, 1.077335596084594727e+00, 5.367552638053894043e-01, 0.000000000000000000e+00, 0.000000000000000000e+00, 1.562368631362915039e+00, 0.000000000000000000e+00, 8.402830362319946289e-01, 2.293466031551361084e-01, 5.485020875930786133e-01, 8.973863124847412109e-01, 0.000000000000000000e+00, 7.320060133934020996e-01, 1.305382847785949707e-01, 0.000000000000000000e+00, 0.000000000000000000e+00, 0.000000000000000000e+00, 0.000000000000000000e+00, 0.000000000000000000e+00, 4.886752963066101074e-01
9.025605916976928711e-01, 1.154350757598876953e+00, 5.748638510704040527e-01, 0.000000000000000000e+00, 0.000000000000000000e+00, 1.614166259765625000e+00, 0.000000000000000000e+00, 9.115852117538452148e-01, 2.094579935073852539e-01, 6.024298667907714844e-01, 9.573718309402465820e-01, 0.000000000000000000e+00, 7.796740531921386719e-01, 9.650393575429916382e-02, 0.000000000000000000e+00, 0.000000000000000000e+00, 0.000000000000000000e+00, 0.000000000000000000e+00, 0.000000000000000000e+00, 4.629964232444763184e-01
1.351877808570861816e+00, 1.707110643386840820e+00, 8.453867435455322266e-01, 0.000000000000000000e+00, 0.000000000000000000e+00, 2.023914813995361328e+00, 0.000000000000000000e+00, 1.401280164718627930e+00, 1.139532774686813354e-01, 9.696059226989746094e-01, 1.386969208717346191e+00, 0.000000000000000000e+00, 1.107311129570007324e+00, 0.000000000000000000e+00, 0.000000000000000000e+00, 0.000000000000000000e+00, 0.000000000000000000e+00, 0.000000000000000000e+00, 0.000000000000000000e+00, 3.196031153202056885e-01
2.323833107948303223e-01, 3.643681108951568604e-01, 1.578601449728012085e-01, 0.000000000000000000e+00, 3.632354140281677246e-01, 1.145796060562133789e+00, 9.882645606994628906e-01, 1.419441848993301392e-01, 6.090756654739379883e-01, 1.103644445538520813e-02, 3.289051055908203125e-01, 0.000000000000000000e+00, 2.047549784183502197e-01, 5.195234417915344238e-01, 0.000000000000000000e+00, 1.306832730770111084e-01, 0.000000000000000000e+00, 0.000000000000000000e+00, 0.000000000000000000e+00, 8.431589007377624512e-01
5.262094736099243164e-01, 7.035797834396362305e-01, 3.492969274520874023e-01, 0.000000000000000000e+00, 1.030370369553565979e-01, 1.336859226226806641e+00, 4.580132365226745605e-01, 4.813701808452606201e-01, 3.854780793190002441e-01, 2.708732187747955322e-01, 6.045817136764526367e-01, 0.000000000000000000e+00, 4.741349220275878906e-01, 3.208875954151153564e-01, 0.000000000000000000e+00, 0.000000000000000000e+00, 0.000000000000000000e+00, 0.000000000000000000e+00, 0.000000000000000000e+00, 6.498152613639831543e-01
3.459580242633819580e-01, 4.959716498851776123e-01, 2.359057217836380005e-01, 0.000000000000000000e+00, 2.572207450866699219e-01, 1.222221732139587402e+00, 7.738170623779296875e-01, 2.749020457267761230e-01, 5.131778120994567871e-01, 1.103103011846542358e-01, 4.360640645027160645e-01, 0.000000000000000000e+00, 3.130817413330078125e-01, 4.418018460273742676e-01, 0.000000000000000000e+00, 3.463099151849746704e-02, 0.000000000000000000e+00, 0.000000000000000000e+00, 0.000000000000000000e+00, 7.668766379356384277e-01
9.704605489969253540e-02, 2.116158008575439453e-01, 6.177714467048645020e-02, 0.000000000000000000e+00, 4.948978424072265625e-01, 1.050994515419006348e+00, 1.252296447753906250e+00, 0.000000000000000000e+00, 7.370830774307250977e-01, 0.000000000000000000e+00, 2.029431611299514771e-01, 0.000000000000000000e+00, 7.295184582471847534e-02, 6.038135290145874023e-01, 0.000000000000000000e+00, 2.534096539020538330e-01, 0.000000000000000000e+00, 0.000000000000000000e+00, 0.000000000000000000e+00, 9.367220997810363770e-01
1.341836899518966675e-01, 2.528240084648132324e-01, 8.790826797485351562e-02, 0.000000000000000000e+00, 4.571030139923095703e-01, 1.077683925628662109e+00, 1.178123116493225098e+00, 2.836332097649574280e-02, 6.997015476226806641e-01, 0.000000000000000000e+00, 2.380198240280151367e-01, 0.000000000000000000e+00, 1.099767610430717468e-01, 5.827878117561340332e-01, 0.000000000000000000e+00, 2.187725305557250977e-01, 0.000000000000000000e+00, 0.000000000000000000e+00, 0.000000000000000000e+00, 9.104526638984680176e-01
0.000000000000000000e+00, 3.878270834684371948e-02, 0.000000000000000000e+00, 0.000000000000000000e+00, 6.862352490425109863e-01, 9.293854832649230957e-01, 1.597684383392333984e+00, 0.000000000000000000e+00, 9.608581066131591797e-01, 0.000000000000000000e+00, 2.327206358313560486e-02, 0.000000000000000000e+00, 0.000000000000000000e+00, 6.381170153617858887e-01, 0.000000000000000000e+00, 4.144512414932250977e-01, 0.000000000000000000e+00, 0.000000000000000000e+00, 0.000000000000000000e+00, 1.072211980819702148e+00
3.423098921775817871e-01, 4.917891919612884521e-01, 2.335206419229507446e-01, 0.000000000000000000e+00, 2.605369389057159424e-01, 1.219816684722900391e+00, 7.804702520370483398e-01, 2.706786096096038818e-01, 5.160309076309204102e-01, 1.071466356515884399e-01, 4.327303767204284668e-01, 0.000000000000000000e+00, 3.097524046897888184e-01, 4.441557526588439941e-01, 0.000000000000000000e+00, 3.760661184787750244e-02, 0.000000000000000000e+00, 0.000000000000000000e+00, 0.000000000000000000e+00, 7.692772746086120605e-01
7.553135752677917480e-01, 9.748590588569641113e-01, 4.865714311599731445e-01, 0.000000000000000000e+00, 0.000000000000000000e+00, 1.496667623519897461e+00, 1.026484668254852295e-01, 7.439361810684204102e-01, 2.614387869834899902e-01, 4.746414721012115479e-01, 8.180276155471801758e-01, 0.000000000000000000e+00, 6.669932007789611816e-01, 1.782556623220443726e-01, 0.000000000000000000e+00, 0.000000000000000000e+00, 0.000000000000000000e+00, 0.000000000000000000e+00, 0.000000000000000000e+00, 5.250989198684692383e-01
1.507814414799213409e-02, 1.236545443534851074e-01, 4.916469566524028778e-03, 0.000000000000000000e+00, 5.823957324028015137e-01, 9.944909214973449707e-01, 1.418646693229675293e+00, 0.000000000000000000e+00, 8.281713724136352539e-01, 0.000000000000000000e+00, 1.268996447324752808e-01, 0.000000000000000000e+00, 0.000000000000000000e+00, 6.382142901420593262e-01, 0.000000000000000000e+00, 3.303231596946716309e-01, 0.000000000000000000e+00, 0.000000000000000000e+00, 0.000000000000000000e+00, 9.952400326728820801e-01
5.072825551033020020e-01, 6.816840767860412598e-01, 3.379118442535400391e-01, 0.000000000000000000e+00, 1.184282600879669189e-01, 1.324776649475097656e+00, 4.897474646568298340e-01, 4.597867429256439209e-01, 3.978814780712127686e-01, 2.540495991706848145e-01, 5.869031548500061035e-01, 0.000000000000000000e+00, 4.576063752174377441e-01, 3.333732485771179199e-01, 0.000000000000000000e+00, 0.000000000000000000e+00, 0.000000000000000000e+00, 0.000000000000000000e+00, 0.000000000000000000e+00, 6.614513993263244629e-01
7.535116747021675110e-03, 1.162061989307403564e-01, 0.000000000000000000e+00, 0.000000000000000000e+00, 5.907930135726928711e-01, 9.893526434898376465e-01, 1.433948636054992676e+00, 0.000000000000000000e+00, 8.373245000839233398e-01, 0.000000000000000000e+00, 1.197983846068382263e-01, 0.000000000000000000e+00, 0.000000000000000000e+00, 6.402758359909057617e-01, 0.000000000000000000e+00, 3.372586071491241455e-01, 0.000000000000000000e+00, 0.000000000000000000e+00, 0.000000000000000000e+00, 1.000876188278198242e+00
1.411037325859069824e+00, 1.779549121856689453e+00, 8.809502720832824707e-01, 0.000000000000000000e+00, 0.000000000000000000e+00, 2.080910921096801758e+00, 0.000000000000000000e+00, 1.465591549873352051e+00, 1.042672246694564819e-01, 1.016466975212097168e+00, 1.444244742393493652e+00, 0.000000000000000000e+00, 1.150298595428466797e+00, 0.000000000000000000e+00, 0.000000000000000000e+00, 0.000000000000000000e+00, 0.000000000000000000e+00, 0.000000000000000000e+00, 0.000000000000000000e+00, 3.040644228458404541e-01
1.215181946754455566e-01, 2.383565604686737061e-01, 7.884754985570907593e-02, 0.000000000000000000e+00, 4.700965881347656250e-01, 1.068460464477539062e+00, 1.203889131546020508e+00, 1.335810497403144836e-02, 7.124752998352050781e-01, 0.000000000000000000e+00, 2.258660942316055298e-01, 0.000000000000000000e+00, 9.723223000764846802e-02, 5.903508663177490234e-01, 0.000000000000000000e+00, 2.307566255331039429e-01, 0.000000000000000000e+00, 0.000000000000000000e+00, 0.000000000000000000e+00, 9.196895956993103027e-01
5.415037274360656738e-01, 7.213090062141418457e-01, 3.586335182189941406e-01, 0.000000000000000000e+00, 9.053981304168701172e-02, 1.346647024154663086e+00, 4.325313270092010498e-01, 4.988110959529876709e-01, 3.755714595317840576e-01, 2.843862771987915039e-01, 6.189944148063659668e-01, 0.000000000000000000e+00, 4.876480102539062500e-01, 3.109746575355529785e-01, 0.000000000000000000e+00, 0.000000000000000000e+00, 0.000000000000000000e+00, 0.000000000000000000e+00, 0.000000000000000000e+00, 6.404035091400146484e-01
8.576810956001281738e-01, 1.099259853363037109e+00, 5.476107597351074219e-01, 0.000000000000000000e+00, 0.000000000000000000e+00, 1.576953887939453125e+00, 0.000000000000000000e+00, 8.607254028320312500e-01, 2.233106195926666260e-01, 5.639263391494750977e-01, 9.145089387893676758e-01, 0.000000000000000000e+00, 7.457956671714782715e-01, 1.208189576864242554e-01, 0.000000000000000000e+00, 0.000000000000000000e+00, 0.000000000000000000e+00, 0.000000000000000000e+00, 0.000000000000000000e+00, 4.813444316387176514e-01
1.158627033233642578e+00, 1.468738317489624023e+00, 7.284882664680480957e-01, 0.000000000000000000e+00, 0.000000000000000000e+00, 1.841192960739135742e+00, 0.000000000000000000e+00, 1.191199898719787598e+00, 1.485987603664398193e-01, 8.142642378807067871e-01, 1.201301455497741699e+00, 0.000000000000000000e+00, 9.666970968246459961e-01, 0.000000000000000000e+00, 0.000000000000000000e+00, 0.000000000000000000e+00, 0.000000000000000000e+00, 0.000000000000000000e+00, 0.000000000000000000e+00, 3.743613362312316895e-01
0.000000000000000000e+00, 3.576795011758804321e-02, 0.000000000000000000e+00, 0.000000000000000000e+00, 6.900407671928405762e-01, 9.236492514610290527e-01, 1.598813056945800781e+00, 0.000000000000000000e+00, 9.647811651229858398e-01, 0.000000000000000000e+00, 1.596644893288612366e-02, 0.000000000000000000e+00, 0.000000000000000000e+00, 6.308723688125610352e-01, 0.000000000000000000e+00, 4.159899353981018066e-01, 0.000000000000000000e+00, 0.000000000000000000e+00, 0.000000000000000000e+00, 1.073589563369750977e+00
0.000000000000000000e+00, 3.612950444221496582e-02, 0.000000000000000000e+00, 0.000000000000000000e+00, 6.895832419395446777e-01, 9.246740937232971191e-01, 1.599035501480102539e+00, 0.000000000000000000e+00, 9.645801782608032227e-01, 0.000000000000000000e+00, 1.690632104873657227e-02, 0.000000000000000000e+00, 0.000000000000000000e+00, 6.321315169334411621e-01, 0.000000000000000000e+00, 4.158249497413635254e-01, 0.000000000000000000e+00, 0.000000000000000000e+00, 0.000000000000000000e+00, 1.073680400848388672e+00
5.337885767221450806e-02, 1.643075644969940186e-01, 3.123395144939422607e-02, 0.000000000000000000e+00, 5.404345989227294922e-01, 1.020951032638549805e+00, 1.339374780654907227e+00, 0.000000000000000000e+00, 7.836484909057617188e-01, 0.000000000000000000e+00, 1.626836806535720825e-01, 0.000000000000000000e+00, 3.077620826661586761e-02, 6.244522929191589355e-01, 0.000000000000000000e+00, 2.941194772720336914e-01, 0.000000000000000000e+00, 0.000000000000000000e+00, 0.000000000000000000e+00, 9.668285846710205078e-01
1.244768314063549042e-02, 1.210272014141082764e-01, 3.161859698593616486e-03, 0.000000000000000000e+00, 5.853509902954101562e-01, 9.926753640174865723e-01, 1.423961997032165527e+00, 0.000000000000000000e+00, 8.313208818435668945e-01, 0.000000000000000000e+00, 1.244500800967216492e-01, 0.000000000000000000e+00, 0.000000000000000000e+00, 6.389313340187072754e-01, 0.000000000000000000e+00, 3.327518701553344727e-01, 0.000000000000000000e+00, 0.000000000000000000e+00, 0.000000000000000000e+00, 9.971618056297302246e-01
0.000000000000000000e+00, 4.054021090269088745e-02, 0.000000000000000000e+00, 0.000000000000000000e+00, 6.836916804313659668e-01, 9.309738278388977051e-01, 1.595282077789306641e+00, 0.000000000000000000e+00, 9.579858779907226562e-01, 0.000000000000000000e+00, 2.679708041250705719e-02, 0.000000000000000000e+00, 0.000000000000000000e+00, 6.403688192367553711e-01, 0.000000000000000000e+00, 4.132789969444274902e-01, 0.000000000000000000e+00, 0.000000000000000000e+00, 0.000000000000000000e+00, 1.070621728897094727e+00
2.088824212551116943e-01, 3.374538719654083252e-01, 1.414821743965148926e-01, 0.000000000000000000e+00, 3.851212263107299805e-01, 1.129794120788574219e+00, 1.032986283302307129e+00, 1.149334013462066650e-01, 6.296780705451965332e-01, 0.000000000000000000e+00, 3.072963953018188477e-01, 0.000000000000000000e+00, 1.825243383646011353e-01, 5.350908041000366211e-01, 0.000000000000000000e+00, 1.508527994155883789e-01, 0.000000000000000000e+00, 0.000000000000000000e+00, 0.000000000000000000e+00, 8.585641980171203613e-01
0.000000000000000000e+00, 6.469927728176116943e-02, 0.000000000000000000e+00, 0.000000000000000000e+00, 6.509754061698913574e-01, 9.521739482879638672e-01, 1.544759631156921387e+00, 0.000000000000000000e+00, 9.130823612213134766e-01, 0.000000000000000000e+00, 6.186219677329063416e-02, 0.000000000000000000e+00, 0.000000000000000000e+00, 6.477833986282348633e-01, 0.000000000000000000e+00, 3.890962004661560059e-01, 0.000000000000000000e+00, 0.000000000000000000e+00, 0.000000000000000000e+00, 1.046101331710815430e+00
0.000000000000000000e+00, 5.645509436726570129e-02, 0.000000000000000000e+00, 0.000000000000000000e+00, 6.618759632110595703e-01, 9.455257654190063477e-01, 1.562751293182373047e+00, 0.000000000000000000e+00, 9.277940988540649414e-01, 0.000000000000000000e+00, 5.128957331180572510e-02, 0.000000000000000000e+00, 0.000000000000000000e+00, 6.471101045608520508e-01, 0.000000000000000000e+00, 3.972833156585693359e-01, 0.000000000000000000e+00, 0.000000000000000000e+00, 0.000000000000000000e+00, 1.054181456565856934e+00
0.000000000000000000e+00, 3.669966757297515869e-02, 0.000000000000000000e+00, 0.000000000000000000e+00, 6.888973116874694824e-01, 9.260641932487487793e-01, 1.598982214927673340e+00, 0.000000000000000000e+00, 9.639526605606079102e-01, 0.000000000000000000e+00, 1.846797205507755280e-02, 0.000000000000000000e+00, 0.000000000000000000e+00, 6.338042020797729492e-01, 0.000000000000000000e+00, 4.154560565948486328e-01, 0.000000000000000000e+00, 0.000000000000000000e+00, 0.000000000000000000e+00, 1.073394060134887695e+00
0.000000000000000000e+00, 4.793795198202133179e-02, 0.000000000000000000e+00, 0.000000000000000000e+00, 6.737191081047058105e-01, 9.374887943267822266e-01, 1.581661224365234375e+00, 0.000000000000000000e+00, 9.440913200378417969e-01, 0.000000000000000000e+00, 3.934732824563980103e-02, 0.000000000000000000e+00, 0.000000000000000000e+00, 6.449187397956848145e-01, 0.000000000000000000e+00, 4.059896171092987061e-01, 0.000000000000000000e+00, 0.000000000000000000e+00, 0.000000000000000000e+00, 1.063380718231201172e+00
0.000000000000000000e+00, 9.529481828212738037e-02, 0.000000000000000000e+00, 0.000000000000000000e+00, 6.149390339851379395e-01, 9.741891026496887207e-01, 1.478004455566406250e+00, 0.000000000000000000e+00, 8.657670021057128906e-01, 0.000000000000000000e+00, 9.826433658599853516e-02, 0.000000000000000000e+00, 0.000000000000000000e+00, 6.455208063125610352e-01, 0.000000000000000000e+00, 3.577112555503845215e-01, 0.000000000000000000e+00, 0.000000000000000000e+00, 0.000000000000000000e+00, 1.018125772476196289e+00
1.345705091953277588e-01, 2.532547414302825928e-01, 8.807527273893356323e-02, 0.000000000000000000e+00, 4.568303823471069336e-01, 1.077929258346557617e+00, 1.177527070045471191e+00, 2.872246131300926208e-02, 6.993253231048583984e-01, 0.000000000000000000e+00, 2.383305728435516357e-01, 0.000000000000000000e+00, 1.103258207440376282e-01, 5.825872421264648438e-01, 0.000000000000000000e+00, 2.184775173664093018e-01, 0.000000000000000000e+00, 0.000000000000000000e+00, 0.000000000000000000e+00, 9.102382063865661621e-01
1.875491887331008911e-01, 3.131120502948760986e-01, 1.263648718595504761e-01, 0.000000000000000000e+00, 4.052784442901611328e-01, 1.115133047103881836e+00, 1.073888063430786133e+00, 9.045016765594482422e-02, 6.488968133926391602e-01, 0.000000000000000000e+00, 2.875680327415466309e-01, 0.000000000000000000e+00, 1.622326374053955078e-01, 5.492441058158874512e-01, 0.000000000000000000e+00, 1.696626693010330200e-01, 0.000000000000000000e+00, 0.000000000000000000e+00, 0.000000000000000000e+00, 8.729349374771118164e-01
0.000000000000000000e+00, 4.534260556101799011e-02, 0.000000000000000000e+00, 0.000000000000000000e+00, 6.773267984390258789e-01, 9.350218176841735840e-01, 1.587113142013549805e+00, 0.000000000000000000e+00, 9.491432905197143555e-01, 0.000000000000000000e+00, 3.524817526340484619e-02, 0.000000000000000000e+00, 0.000000000000000000e+00, 6.437919139862060547e-01, 0.000000000000000000e+00, 4.086937308311462402e-01, 0.000000000000000000e+00, 0.000000000000000000e+00, 0.000000000000000000e+00, 1.066126108169555664e+00
6.781668961048126221e-02, 1.799816340208053589e-01, 4.138569533824920654e-02, 0.000000000000000000e+00, 5.250607728958129883e-01, 1.031005859375000000e+00, 1.310233235359191895e+00, 0.000000000000000000e+00, 7.676066160202026367e-01, 0.000000000000000000e+00, 1.758901476860046387e-01, 0.000000000000000000e+00, 4.480703920125961304e-02, 6.181514859199523926e-01, 0.000000000000000000e+00, 2.804893255233764648e-01, 0.000000000000000000e+00, 0.000000000000000000e+00, 0.000000000000000000e+00, 9.567748904228210449e-01
0.000000000000000000e+00, 3.692004084587097168e-02, 0.000000000000000000e+00, 0.000000000000000000e+00, 6.886708140373229980e-01, 9.265271425247192383e-01, 1.598936796188354492e+00, 0.000000000000000000e+00, 9.636355638504028320e-01, 0.000000000000000000e+00, 1.896922290325164795e-02, 0.000000000000000000e+00, 0.000000000000000000e+00, 6.343365311622619629e-01, 0.000000000000000000e+00, 4.153718054294586182e-01, 0.000000000000000000e+00, 0.000000000000000000e+00, 0.000000000000000000e+00, 1.073335409164428711e+00
0.000000000000000000e+00, 4.891235008835792542e-02, 0.000000000000000000e+00, 0.000000000000000000e+00, 6.723168492317199707e-01, 9.384421706199645996e-01, 1.579524993896484375e+00, 0.000000000000000000e+00, 9.422079324722290039e-01, 0.000000000000000000e+00, 4.078271985054016113e-02, 0.000000000000000000e+00, 0.000000000000000000e+00, 6.452358365058898926e-01, 0.000000000000000000e+00, 4.050186276435852051e-01, 0.000000000000000000e+00, 0.000000000000000000e+00, 0.000000000000000000e+00, 1.062235116958618164e+00
0.000000000000000000e+00, 6.114629656076431274e-02, 0.000000000000000000e+00, 0.000000000000000000e+00, 6.555226445198059082e-01, 9.493428468704223633e-01, 1.552516698837280273e+00, 0.000000000000000000e+00, 9.193674325942993164e-01, 0.000000000000000000e+00, 5.732016637921333313e-02, 0.000000000000000000e+00, 0.000000000000000000e+00, 6.474267840385437012e-01, 0.000000000000000000e+00, 3.927395045757293701e-01, 0.000000000000000000e+00, 0.000000000000000000e+00, 0.000000000000000000e+00, 1.049542188644409180e+00
3.957454860210418701e-02, 1.491710841655731201e-01, 2.147813886404037476e-02, 0.000000000000000000e+00, 5.554560422897338867e-01, 1.011339664459228516e+00, 1.368150591850280762e+00, 0.000000000000000000e+00, 7.994747161865234375e-01, 0.000000000000000000e+00, 1.499900966882705688e-01, 0.000000000000000000e+00, 1.723503135144710541e-02, 6.298258304595947266e-01, 0.000000000000000000e+00, 3.072867393493652344e-01, 0.000000000000000000e+00, 0.000000000000000000e+00, 0.000000000000000000e+00, 9.769285917282104492e-01
2.227272689342498779e-01, 3.533788323402404785e-01, 1.511280089616775513e-01, 0.000000000000000000e+00, 3.721924424171447754e-01, 1.139209270477294922e+00, 1.006613254547119141e+00, 1.308543086051940918e-01, 6.174720525741577148e-01, 2.854559570550918579e-03, 3.199721574783325195e-01, 0.000000000000000000e+00, 1.956147253513336182e-01, 5.259146094322204590e-01, 0.000000000000000000e+00, 1.388669610023498535e-01, 0.000000000000000000e+00, 0.000000000000000000e+00, 0.000000000000000000e+00, 8.494400978088378906e-01
4.806285724043846130e-03, 1.135610193014144897e-01, 0.000000000000000000e+00, 0.000000000000000000e+00, 5.938169360160827637e-01, 9.874497056007385254e-01, 1.439360260963439941e+00, 0.000000000000000000e+00, 8.406617641448974609e-01, 0.000000000000000000e+00, 1.172090470790863037e-01, 0.000000000000000000e+00, 0.000000000000000000e+00, 6.410177350044250488e-01, 0.000000000000000000e+00, 3.397211730480194092e-01, 0.000000000000000000e+00, 0.000000000000000000e+00, 0.000000000000000000e+00, 1.002916097640991211e+00
3.449764847755432129e-02, 1.435924768447875977e-01, 1.788121834397315979e-02, 0.000000000000000000e+00, 5.611622333526611328e-01, 1.007721900939941406e+00, 1.379012942314147949e+00, 0.000000000000000000e+00, 8.054349422454833984e-01, 0.000000000000000000e+00, 1.451755017042160034e-01, 0.000000000000000000e+00, 1.219155453145503998e-02, 6.317343115806579590e-01, 0.000000000000000000e+00, 3.122380077838897705e-01, 0.000000000000000000e+00, 0.000000000000000000e+00, 0.000000000000000000e+00, 9.807726740837097168e-01
0.000000000000000000e+00, 9.043531119823455811e-02, 0.000000000000000000e+00, 0.000000000000000000e+00, 6.205143332481384277e-01, 9.706670045852661133e-01, 1.488235235214233398e+00, 0.000000000000000000e+00, 8.726673126220703125e-01, 0.000000000000000000e+00, 9.298116713762283325e-02, 0.000000000000000000e+00, 0.000000000000000000e+00, 6.464614868164062500e-01, 0.000000000000000000e+00, 3.624711632728576660e-01, 0.000000000000000000e+00, 0.000000000000000000e+00, 0.000000000000000000e+00, 1.022314786911010742e+00
0.000000000000000000e+00, 4.565764591097831726e-02, 0.000000000000000000e+00, 0.000000000000000000e+00, 6.768996715545654297e-01, 9.352468848228454590e-01, 1.586492657661437988e+00, 0.000000000000000000e+00, 9.485909938812255859e-01, 0.000000000000000000e+00, 3.568243607878684998e-02, 0.000000000000000000e+00, 0.000000000000000000e+00, 6.439399123191833496e-01, 0.000000000000000000e+00, 4.083811640739440918e-01, 0.000000000000000000e+00, 0.000000000000000000e+00, 0.000000000000000000e+00, 1.065799951553344727e+00
0.000000000000000000e+00, 3.601801395416259766e-02, 0.000000000000000000e+00, 0.000000000000000000e+00, 6.896794438362121582e-01, 9.243307709693908691e-01, 1.598935723304748535e+00, 0.000000000000000000e+00, 9.646396636962890625e-01, 0.000000000000000000e+00, 1.657655648887157440e-02, 0.000000000000000000e+00, 0.000000000000000000e+00, 6.317293047904968262e-01, 0.000000000000000000e+00, 4.158599376678466797e-01, 0.000000000000000000e+00, 0.000000000000000000e+00, 0.000000000000000000e+00, 1.073619842529296875e+00
2.519307851791381836e+00, 3.128797054290771484e+00, 1.545575380325317383e+00, 0.000000000000000000e+00, 0.000000000000000000e+00, 3.170499563217163086e+00, 0.000000000000000000e+00, 2.664349555969238281e+00, 0.000000000000000000e+00, 1.879787683486938477e+00, 2.517119646072387695e+00, 0.000000000000000000e+00, 1.959409236907958984e+00, 0.000000000000000000e+00, 0.000000000000000000e+00, 0.000000000000000000e+00, 0.000000000000000000e+00, 0.000000000000000000e+00, 0.000000000000000000e+00, 4.399067163467407227e-02
2.934029102325439453e+00, 3.632325887680053711e+00, 1.795012116432189941e+00, 0.000000000000000000e+00, 0.000000000000000000e+00, 3.582944393157958984e+00, 0.000000000000000000e+00, 3.113676071166992188e+00, 0.000000000000000000e+00, 2.202246189117431641e+00, 2.920941829681396484e+00, 0.000000000000000000e+00, 2.264054059982299805e+00, 0.000000000000000000e+00, 0.000000000000000000e+00, 0.000000000000000000e+00, 0.000000000000000000e+00, 0.000000000000000000e+00, 0.000000000000000000e+00, 0.000000000000000000e+00
1.188609838485717773e+00, 1.506127595901489258e+00, 7.467163801193237305e-01, 0.000000000000000000e+00, 0.000000000000000000e+00, 1.869547128677368164e+00, 0.000000000000000000e+00, 1.223899722099304199e+00, 1.427510827779769897e-01, 8.387801647186279297e-01, 1.230034232139587402e+00, 0.000000000000000000e+00, 9.885564446449279785e-01, 0.000000000000000000e+00, 0.000000000000000000e+00, 0.000000000000000000e+00, 0.000000000000000000e+00, 0.000000000000000000e+00, 0.000000000000000000e+00, 3.650778532028198242e-01
1.376353859901428223e+00, 1.737066030502319336e+00, 8.602247238159179688e-01, 0.000000000000000000e+00, 0.000000000000000000e+00, 2.047656774520874023e+00, 0.000000000000000000e+00, 1.428033232688903809e+00, 1.099258065223693848e-01, 9.890191555023193359e-01, 1.410853266716003418e+00, 0.000000000000000000e+00, 1.125152468681335449e+00, 0.000000000000000000e+00, 0.000000000000000000e+00, 0.000000000000000000e+00, 0.000000000000000000e+00, 0.000000000000000000e+00, 0.000000000000000000e+00, 3.132332563400268555e-01
2.397612571716308594e+00, 2.981098413467407227e+00, 1.472476720809936523e+00, 0.000000000000000000e+00, 0.000000000000000000e+00, 3.049830675125122070e+00, 0.000000000000000000e+00, 2.532627820968627930e+00, 0.000000000000000000e+00, 1.785121917724609375e+00, 2.398612022399902344e+00, 0.000000000000000000e+00, 1.870199084281921387e+00, 0.000000000000000000e+00, 0.000000000000000000e+00, 0.000000000000000000e+00, 0.000000000000000000e+00, 0.000000000000000000e+00, 0.000000000000000000e+00, 7.191309332847595215e-02
1.206372380256652832e+00, 1.528060436248779297e+00, 7.574585080146789551e-01, 0.000000000000000000e+00, 0.000000000000000000e+00, 1.885944128036499023e+00, 0.000000000000000000e+00, 1.243172287940979004e+00, 1.392067074775695801e-01, 8.531363606452941895e-01, 1.246787548065185547e+00, 0.000000000000000000e+00, 1.001310110092163086e+00, 0.000000000000000000e+00, 0.000000000000000000e+00, 0.000000000000000000e+00, 0.000000000000000000e+00, 0.000000000000000000e+00, 0.000000000000000000e+00, 3.595336973667144775e-01
2.789655923843383789e-01, 4.181396365165710449e-01, 1.901204138994216919e-01, 0.000000000000000000e+00, 3.195388913154602051e-01, 1.177143812179565430e+00, 8.997647762298583984e-01, 1.960757374763488770e-01, 5.686620473861694336e-01, 5.094337835907936096e-02, 3.727821111679077148e-01, 0.000000000000000000e+00, 2.494746148586273193e-01, 4.874290227890014648e-01, 0.000000000000000000e+00, 9.125173091888427734e-02, 0.000000000000000000e+00, 0.000000000000000000e+00, 0.000000000000000000e+00, 8.122017383575439453e-01
9.176971316337585449e-01, 1.173009634017944336e+00, 5.840855240821838379e-01, 0.000000000000000000e+00, 0.000000000000000000e+00, 1.627092599868774414e+00, 0.000000000000000000e+00, 9.285687208175659180e-01, 2.050770968198776245e-01, 6.153393983840942383e-01, 9.719153642654418945e-01, 0.000000000000000000e+00, 7.909716963768005371e-01, 8.850018680095672607e-02, 0.000000000000000000e+00, 0.000000000000000000e+00, 0.000000000000000000e+00, 0.000000000000000000e+00, 0.000000000000000000e+00, 4.572817087173461914e-01
6.287962794303894043e-01, 8.228282332420349121e-01, 4.111981987953186035e-01, 0.000000000000000000e+00, 2.197180688381195068e-02, 1.404372930526733398e+00, 2.910124361515045166e-01, 5.992041230201721191e-01, 3.221922814846038818e-01, 3.617871403694152832e-01, 7.007290124893188477e-01, 0.000000000000000000e+00, 5.627217888832092285e-01, 2.543286681175231934e-01, 0.000000000000000000e+00, 0.000000000000000000e+00, 0.000000000000000000e+00, 0.000000000000000000e+00, 0.000000000000000000e+00, 5.886409282684326172e-01
5.583538413047790527e-01, 7.406529188156127930e-01, 3.687161207199096680e-01, 0.000000000000000000e+00, 7.697243988513946533e-02, 1.357277870178222656e+00, 4.046777784824371338e-01, 5.179572701454162598e-01, 3.649020791053771973e-01, 2.994664609432220459e-01, 6.346509456634521484e-01, 0.000000000000000000e+00, 5.024263858795166016e-01, 2.999687790870666504e-01, 0.000000000000000000e+00, 0.000000000000000000e+00, 0.000000000000000000e+00, 0.000000000000000000e+00, 0.000000000000000000e+00, 6.300243735313415527e-01
1.846656441688537598e+00, 2.311615705490112305e+00, 1.142105937004089355e+00, 0.000000000000000000e+00, 0.000000000000000000e+00, 2.504930734634399414e+00, 0.000000000000000000e+00, 1.937873601913452148e+00, 3.529539704322814941e-02, 1.357489347457885742e+00, 1.864264130592346191e+00, 0.000000000000000000e+00, 1.467905163764953613e+00, 0.000000000000000000e+00, 0.000000000000000000e+00, 0.000000000000000000e+00, 0.000000000000000000e+00, 0.000000000000000000e+00, 0.000000000000000000e+00, 1.976634711027145386e-01
1.628642201423645020e+00, 2.045352458953857422e+00, 1.011386156082153320e+00, 0.000000000000000000e+00, 0.000000000000000000e+00, 2.291304111480712891e+00, 0.000000000000000000e+00, 1.701490998268127441e+00, 6.946425139904022217e-02, 1.187530040740966797e+00, 1.653689384460449219e+00, 0.000000000000000000e+00, 1.308789968490600586e+00, 0.000000000000000000e+00, 0.000000000000000000e+00, 0.000000000000000000e+00, 0.000000000000000000e+00, 0.000000000000000000e+00, 0.000000000000000000e+00, 2.494475543498992920e-01
1.728612184524536133e+00, 2.167532205581665039e+00, 1.071455121040344238e+00, 0.000000000000000000e+00, 0.000000000000000000e+00, 2.389131069183349609e+00, 0.000000000000000000e+00, 1.810025334358215332e+00, 5.356185138225555420e-02, 1.265447020530700684e+00, 1.750184535980224609e+00, 0.000000000000000000e+00, 1.381806135177612305e+00, 0.000000000000000000e+00, 0.000000000000000000e+00, 0.000000000000000000e+00, 0.000000000000000000e+00, 0.000000000000000000e+00, 0.000000000000000000e+00, 2.254700958728790283e-01
1.536253094673156738e+00, 1.932462692260742188e+00, 9.560617804527282715e-01, 0.000000000000000000e+00, 0.000000000000000000e+00, 2.201229333877563477e+00, 0.000000000000000000e+00, 1.601343989372253418e+00, 8.408573269844055176e-02, 1.115179896354675293e+00, 1.564616441726684570e+00, 0.000000000000000000e+00, 1.241225957870483398e+00, 0.000000000000000000e+00, 0.000000000000000000e+00, 0.000000000000000000e+00, 0.000000000000000000e+00, 0.000000000000000000e+00, 0.000000000000000000e+00, 2.720995843410491943e-01
2.130742549896240234e+00, 2.657197952270507812e+00, 1.312310814857482910e+00, 0.000000000000000000e+00, 0.000000000000000000e+00, 2.785486221313476562e+00, 0.000000000000000000e+00, 2.244564056396484375e+00, 0.000000000000000000e+00, 1.577843427658081055e+00, 2.139689922332763672e+00, 0.000000000000000000e+00, 1.675198078155517578e+00, 0.000000000000000000e+00, 0.000000000000000000e+00, 0.000000000000000000e+00, 0.000000000000000000e+00, 0.000000000000000000e+00, 0.000000000000000000e+00, 1.323443502187728882e-01
2.719395756721496582e-01, 4.100766777992248535e-01, 1.852288097143173218e-01, 0.000000000000000000e+00, 3.262114524841308594e-01, 1.172307014465332031e+00, 9.131912589073181152e-01, 1.878467053174972534e-01, 5.746433734893798828e-01, 4.487877711653709412e-02, 3.660243153572082520e-01, 0.000000000000000000e+00, 2.426796555519104004e-01, 4.923752546310424805e-01, 0.000000000000000000e+00, 9.733027219772338867e-02, 0.000000000000000000e+00, 0.000000000000000000e+00, 0.000000000000000000e+00, 8.168762922286987305e-01
1.100558489561080933e-01, 2.258078157901763916e-01, 7.084555178880691528e-02, 0.000000000000000000e+00, 4.816586971282958984e-01, 1.060190677642822266e+00, 1.226533532142639160e+00, 9.264424443244934082e-05, 7.239229679107666016e-01, 0.000000000000000000e+00, 2.151050418615341187e-01, 0.000000000000000000e+00, 8.564965426921844482e-02, 5.968225002288818359e-01, 0.000000000000000000e+00, 2.414433956146240234e-01, 0.000000000000000000e+00, 0.000000000000000000e+00, 0.000000000000000000e+00, 9.276532530784606934e-01
4.298240542411804199e-01, 5.923243165016174316e-01, 2.899533510208129883e-01, 0.000000000000000000e+00, 1.834474802017211914e-01, 1.275770664215087891e+00, 6.224809885025024414e-01, 3.717212975025177002e-01, 4.504591226577758789e-01, 1.848263144493103027e-01, 5.142070651054382324e-01, 0.000000000000000000e+00, 3.889009952545166016e-01, 3.855881094932556152e-01, 0.000000000000000000e+00, 0.000000000000000000e+00, 0.000000000000000000e+00, 0.000000000000000000e+00, 0.000000000000000000e+00, 7.109391689300537109e-01
2.809937298297882080e-01, 4.205374717712402344e-01, 1.915792077779769897e-01, 0.000000000000000000e+00, 3.176486492156982422e-01, 1.178484678268432617e+00, 8.959602117538452148e-01, 1.984374970197677612e-01, 5.669254064559936523e-01, 5.272883549332618713e-02, 3.746982812881469727e-01, 0.000000000000000000e+00, 2.514539062976837158e-01, 4.860153198242187500e-01, 0.000000000000000000e+00, 8.951343595981597900e-02, 0.000000000000000000e+00, 0.000000000000000000e+00, 0.000000000000000000e+00, 8.107933402061462402e-01
7.778479903936386108e-02, 1.908473968505859375e-01, 4.840105772018432617e-02, 0.000000000000000000e+00, 5.146982073783874512e-01, 1.037784218788146973e+00, 1.290222287178039551e+00, 0.000000000000000000e+00, 7.569321393966674805e-01, 0.000000000000000000e+00, 1.851310580968856812e-01, 0.000000000000000000e+00, 5.436561256647109985e-02, 6.135718822479248047e-01, 0.000000000000000000e+00, 2.711303234100341797e-01, 0.000000000000000000e+00, 0.000000000000000000e+00, 0.000000000000000000e+00, 9.499740004539489746e-01
4.114150255918502808e-02, 1.508618146181106567e-01, 2.263025194406509399e-02, 0.000000000000000000e+00, 5.537898540496826172e-01, 1.012517213821411133e+00, 1.364935278892517090e+00, 0.000000000000000000e+00, 7.977180480957031250e-01, 0.000000000000000000e+00, 1.514100432395935059e-01, 0.000000000000000000e+00, 1.879457198083400726e-02, 6.292214393615722656e-01, 0.000000000000000000e+00, 3.057927489280700684e-01, 0.000000000000000000e+00, 0.000000000000000000e+00, 0.000000000000000000e+00, 9.758245348930358887e-01
7.031426429748535156e-01, 9.119320511817932129e-01, 4.558050930500030518e-01, 0.000000000000000000e+00, 0.000000000000000000e+00, 1.457620620727539062e+00, 1.781364083290100098e-01, 6.843432188034057617e-01, 2.842704057693481445e-01, 4.287585318088531494e-01, 7.693991661071777344e-01, 0.000000000000000000e+00, 6.248752474784851074e-01, 2.086901664733886719e-01, 0.000000000000000000e+00, 0.000000000000000000e+00, 0.000000000000000000e+00, 0.000000000000000000e+00, 0.000000000000000000e+00, 5.496813058853149414e-01
6.087753772735595703e-01, 7.992983460426330566e-01, 3.991670608520507812e-01, 0.000000000000000000e+00, 3.706948459148406982e-02, 1.390775918960571289e+00, 3.224714398384094238e-01, 5.759979486465454102e-01, 3.338345289230346680e-01, 3.440325260162353516e-01, 6.820576786994934082e-01, 0.000000000000000000e+00, 5.459160804748535156e-01, 2.672285735607147217e-01, 0.000000000000000000e+00, 0.000000000000000000e+00, 0.000000000000000000e+00, 0.000000000000000000e+00, 0.000000000000000000e+00, 5.999553203582763672e-01
0.000000000000000000e+00, 8.939929306507110596e-02, 0.000000000000000000e+00, 0.000000000000000000e+00, 6.216480135917663574e-01, 9.700759053230285645e-01, 1.490330815315246582e+00, 0.000000000000000000e+00, 8.740955591201782227e-01, 0.000000000000000000e+00, 9.191770106554031372e-02, 0.000000000000000000e+00, 0.000000000000000000e+00, 6.465974450111389160e-01, 0.000000000000000000e+00, 3.634608089923858643e-01, 0.000000000000000000e+00, 0.000000000000000000e+00, 0.000000000000000000e+00, 1.023217439651489258e+00
3.759241998195648193e-01, 5.304552912712097168e-01, 2.555663287639617920e-01, 0.000000000000000000e+00, 2.301282137632369995e-01, 1.241722583770751953e+00, 7.186641693115234375e-01, 3.099512755870819092e-01, 4.897580146789550781e-01, 1.368879228830337524e-01, 4.640874862670898438e-01, 0.000000000000000000e+00, 3.407393693923950195e-01, 4.218130707740783691e-01, 0.000000000000000000e+00, 9.808629751205444336e-03, 0.000000000000000000e+00, 0.000000000000000000e+00, 0.000000000000000000e+00, 7.466113567352294922e-01
2.176655292510986328e+00, 2.712975025177001953e+00, 1.339834451675415039e+00, 0.000000000000000000e+00, 0.000000000000000000e+00, 2.830796003341674805e+00, 0.000000000000000000e+00, 2.294112443923950195e+00, 0.000000000000000000e+00, 1.613466620445251465e+00, 2.184081077575683594e+00, 0.000000000000000000e+00, 1.708654165267944336e+00, 0.000000000000000000e+00, 0.000000000000000000e+00, 0.000000000000000000e+00, 0.000000000000000000e+00, 0.000000000000000000e+00, 0.000000000000000000e+00, 1.218325048685073853e-01
1.557298064231872559e+00, 1.958139419555664062e+00, 9.686410427093505859e-01, 0.000000000000000000e+00, 0.000000000000000000e+00, 2.221523284912109375e+00, 0.000000000000000000e+00, 1.624319672584533691e+00, 8.070828020572662354e-02, 1.131744384765625000e+00, 1.584847688674926758e+00, 0.000000000000000000e+00, 1.256589651107788086e+00, 0.000000000000000000e+00, 0.000000000000000000e+00, 0.000000000000000000e+00, 0.000000000000000000e+00, 0.000000000000000000e+00, 0.000000000000000000e+00, 2.667362093925476074e-01
1.227432370185852051e+00, 1.554074287414550781e+00, 7.702822685241699219e-01, 0.000000000000000000e+00, 0.000000000000000000e+00, 1.905765533447265625e+00, 0.000000000000000000e+00, 1.266149282455444336e+00, 1.353649348020553589e-01, 8.701998591423034668e-01, 1.266991019248962402e+00, 0.000000000000000000e+00, 1.016607642173767090e+00, 0.000000000000000000e+00, 0.000000000000000000e+00, 0.000000000000000000e+00, 0.000000000000000000e+00, 0.000000000000000000e+00, 0.000000000000000000e+00, 3.534106612205505371e-01
1.517762184143066406e+00, 1.909881591796875000e+00, 9.449757337570190430e-01, 0.000000000000000000e+00, 0.000000000000000000e+00, 2.183274507522583008e+00, 0.000000000000000000e+00, 1.581364274024963379e+00, 8.693177998065948486e-02, 1.100647687911987305e+00, 1.546819090843200684e+00, 0.000000000000000000e+00, 1.227754354476928711e+00, 0.000000000000000000e+00, 0.000000000000000000e+00, 0.000000000000000000e+00, 0.000000000000000000e+00, 0.000000000000000000e+00, 0.000000000000000000e+00, 2.765944898128509521e-01
1.204557418823242188e+00, 1.525800228118896484e+00, 7.563729882240295410e-01, 0.000000000000000000e+00, 0.000000000000000000e+00, 1.884252548217773438e+00, 0.000000000000000000e+00, 1.241167902946472168e+00, 1.396409869194030762e-01, 8.516411781311035156e-01, 1.245074748992919922e+00, 0.000000000000000000e+00, 1.000017404556274414e+00, 0.000000000000000000e+00, 0.000000000000000000e+00, 0.000000000000000000e+00, 0.000000000000000000e+00, 0.000000000000000000e+00, 0.000000000000000000e+00, 3.601317107677459717e-01
4.845012426376342773e-01, 6.554468870162963867e-01, 3.240542709827423096e-01, 0.000000000000000000e+00, 1.373343765735626221e-01, 1.310514211654663086e+00, 5.283427238464355469e-01, 4.339737594127655029e-01, 4.129509925842285156e-01, 2.337738424539566040e-01, 5.655474066734313965e-01, 0.000000000000000000e+00, 4.374412298202514648e-01, 3.485878109931945801e-01, 0.000000000000000000e+00, 0.000000000000000000e+00, 0.000000000000000000e+00, 0.000000000000000000e+00, 0.000000000000000000e+00, 6.758213043212890625e-01
2.084991149604320526e-02, 1.294918656349182129e-01, 8.801260031759738922e-03, 0.000000000000000000e+00, 5.761023163795471191e-01, 9.984705448150634766e-01, 1.406913995742797852e+00, 0.000000000000000000e+00, 8.212488889694213867e-01, 0.000000000000000000e+00, 1.324426084756851196e-01, 0.000000000000000000e+00, 0.000000000000000000e+00, 6.364325881004333496e-01, 0.000000000000000000e+00, 3.249379396438598633e-01, 0.000000000000000000e+00, 0.000000000000000000e+00, 0.000000000000000000e+00, 9.909111261367797852e-01
3.890642523765563965e-01, 5.455191731452941895e-01, 2.640601694583892822e-01, 0.000000000000000000e+00, 2.186124324798583984e-01, 1.250074625015258789e+00, 6.950188279151916504e-01, 3.249989151954650879e-01, 4.798770546913146973e-01, 1.483910232782363892e-01, 4.763296842575073242e-01, 0.000000000000000000e+00, 3.526535928249359131e-01, 4.131217598915100098e-01, 0.000000000000000000e+00, 0.000000000000000000e+00, 0.000000000000000000e+00, 0.000000000000000000e+00, 0.000000000000000000e+00, 7.378585338592529297e-01
4.864279925823211670e-02, 1.591345816850662231e-01, 2.790269255638122559e-02, 0.000000000000000000e+00, 5.456309914588928223e-01, 1.017637729644775391e+00, 1.349077224731445312e+00, 0.000000000000000000e+00, 7.889385223388671875e-01, 0.000000000000000000e+00, 1.583932340145111084e-01, 0.000000000000000000e+00, 2.617200277745723724e-02, 6.263036131858825684e-01, 0.000000000000000000e+00, 2.985605001449584961e-01, 0.000000000000000000e+00, 0.000000000000000000e+00, 0.000000000000000000e+00, 9.701933264732360840e-01
3.463099002838134766e-01, 4.963225126266479492e-01, 2.361834496259689331e-01, 0.000000000000000000e+00, 2.569119930267333984e-01, 1.222393751144409180e+00, 7.731215953826904297e-01, 2.753197848796844482e-01, 5.128316879272460938e-01, 1.106437891721725464e-01, 4.364058375358581543e-01, 0.000000000000000000e+00, 3.134920001029968262e-01, 4.414464235305786133e-01, 0.000000000000000000e+00, 3.430546820163726807e-02, 0.000000000000000000e+00, 0.000000000000000000e+00, 0.000000000000000000e+00, 7.666221857070922852e-01
0.000000000000000000e+00, 4.790683835744857788e-02, 0.000000000000000000e+00, 0.000000000000000000e+00, 6.737430095672607422e-01, 9.374524950981140137e-01, 1.581647753715515137e+00, 0.000000000000000000e+00, 9.440822601318359375e-01, 0.000000000000000000e+00, 3.931976109743118286e-02, 0.000000000000000000e+00, 0.000000000000000000e+00, 6.448970437049865723e-01, 0.000000000000000000e+00, 4.060231447219848633e-01, 0.000000000000000000e+00, 0.000000000000000000e+00, 0.000000000000000000e+00, 1.063350439071655273e+00
0.000000000000000000e+00, 5.655922740697860718e-02, 0.000000000000000000e+00, 0.000000000000000000e+00, 6.617534756660461426e-01, 9.456187486648559570e-01, 1.562503337860107422e+00, 0.000000000000000000e+00, 9.275720119476318359e-01, 0.000000000000000000e+00, 5.144023895263671875e-02, 0.000000000000000000e+00, 0.000000000000000000e+00, 6.471196413040161133e-01, 0.000000000000000000e+00, 3.971660137176513672e-01, 0.000000000000000000e+00, 0.000000000000000000e+00, 0.000000000000000000e+00, 1.054086089134216309e+00
1.320705413818359375e-01, 2.503899931907653809e-01, 8.631206303834915161e-02, 0.000000000000000000e+00, 4.593005180358886719e-01, 1.076112270355224609e+00, 1.182489871978759766e+00, 2.583257481455802917e-02, 7.018210887908935547e-01, 0.000000000000000000e+00, 2.359548956155776978e-01, 0.000000000000000000e+00, 1.077912226319313049e-01, 5.840817689895629883e-01, 0.000000000000000000e+00, 2.207865566015243530e-01, 0.000000000000000000e+00, 0.000000000000000000e+00, 0.000000000000000000e+00, 9.120169281959533691e-01
0.000000000000000000e+00, 3.545726463198661804e-02, 0.000000000000000000e+00, 0.000000000000000000e+00, 6.901929378509521484e-01, 9.229940176010131836e-01, 1.598477482795715332e+00, 0.000000000000000000e+00, 9.647669792175292969e-01, 0.000000000000000000e+00, 1.537623442709445953e-02, 0.000000000000000000e+00, 0.000000000000000000e+00, 6.300584673881530762e-01, 0.000000000000000000e+00, 4.159539341926574707e-01, 0.000000000000000000e+00, 0.000000000000000000e+00, 0.000000000000000000e+00, 1.073480367660522461e+00
2.851224243640899658e-01, 4.252834022045135498e-01, 1.944510191679000854e-01, 0.000000000000000000e+00, 3.137824535369873047e-01, 1.181195735931396484e+00, 8.881565332412719727e-01, 2.032438963651657104e-01, 5.634065270423889160e-01, 5.636994168162345886e-02, 3.785472512245178223e-01, 0.000000000000000000e+00, 2.553666234016418457e-01, 4.831674098968505859e-01, 0.000000000000000000e+00, 8.605413883924484253e-02, 0.000000000000000000e+00, 0.000000000000000000e+00, 0.000000000000000000e+00, 8.080261945724487305e-01
9.055277109146118164e-01, 1.158002376556396484e+00, 5.766979455947875977e-01, 0.000000000000000000e+00, 0.000000000000000000e+00, 1.616725921630859375e+00, 0.000000000000000000e+00, 9.148988127708435059e-01, 2.086935937404632568e-01, 6.049609184265136719e-01, 9.602375626564025879e-01, 0.000000000000000000e+00, 7.818954586982727051e-01, 9.505848586559295654e-02, 0.000000000000000000e+00, 0.000000000000000000e+00, 0.000000000000000000e+00, 0.000000000000000000e+00, 0.000000000000000000e+00, 4.619920849800109863e-01
1.095768332481384277e+00, 1.390944004058837891e+00, 6.904273629188537598e-01, 0.000000000000000000e+00, 0.000000000000000000e+00, 1.783140659332275391e+00, 0.000000000000000000e+00, 1.123151659965515137e+00, 1.613681316375732422e-01, 7.628575563430786133e-01, 1.141506433486938477e+00, 0.000000000000000000e+00, 9.210348725318908691e-01, 3.332644701004028320e-04, 0.000000000000000000e+00, 0.000000000000000000e+00, 0.000000000000000000e+00, 0.000000000000000000e+00, 0.000000000000000000e+00, 3.942384421825408936e-01
2.267402708530426025e-01, 3.579932153224945068e-01, 1.539395898580551147e-01, 0.000000000000000000e+00, 3.684807419776916504e-01, 1.141848802566528320e+00, 9.988474845886230469e-01, 1.355270743370056152e-01, 6.138674020767211914e-01, 6.151352077722549438e-03, 3.237932324409484863e-01, 0.000000000000000000e+00, 1.994786262512207031e-01, 5.232297182083129883e-01, 0.000000000000000000e+00, 1.354223638772964478e-01, 0.000000000000000000e+00, 0.000000000000000000e+00, 0.000000000000000000e+00, 8.467648625373840332e-01
0.000000000000000000e+00, 6.305149197578430176e-02, 0.000000000000000000e+00, 0.000000000000000000e+00, 6.531510353088378906e-01, 9.510040879249572754e-01, 1.548494577407836914e+00, 0.000000000000000000e+00, 9.159495830535888672e-01, 0.000000000000000000e+00, 5.980264022946357727e-02, 0.000000000000000000e+00, 0.000000000000000000e+00, 6.475932598114013672e-01, 0.000000000000000000e+00, 3.908049166202545166e-01, 0.000000000000000000e+00, 0.000000000000000000e+00, 0.000000000000000000e+00, 1.047802448272705078e+00
5.641061663627624512e-01, 7.473519444465637207e-01, 3.721936345100402832e-01, 0.000000000000000000e+00, 7.240859419107437134e-02, 1.361140727996826172e+00, 3.951536118984222412e-01, 5.245355963706970215e-01, 3.613478541374206543e-01, 3.045401871204376221e-01, 6.400122642517089844e-01, 0.000000000000000000e+00, 5.075028538703918457e-01, 2.963181138038635254e-01, 0.000000000000000000e+00, 0.000000000000000000e+00, 0.000000000000000000e+00, 0.000000000000000000e+00, 0.000000000000000000e+00, 6.267093420028686523e-01
6.653068214654922485e-02, 1.786864697933197021e-01, 4.054279997944831848e-02, 0.000000000000000000e+00, 5.263375043869018555e-01, 1.030210733413696289e+00, 1.312658905982971191e+00, 0.000000000000000000e+00, 7.689692974090576172e-01, 0.000000000000000000e+00, 1.747450083494186401e-01, 0.000000000000000000e+00, 4.367226362228393555e-02, 6.187177300453186035e-01, 0.000000000000000000e+00, 2.815563976764678955e-01, 0.000000000000000000e+00, 0.000000000000000000e+00, 0.000000000000000000e+00, 9.575975537300109863e-01
2.038389258086681366e-02, 1.290069520473480225e-01, 8.421494625508785248e-03, 0.000000000000000000e+00, 5.765395760536193848e-01, 9.980245828628540039e-01, 1.407779693603515625e+00, 0.000000000000000000e+00, 8.217939138412475586e-01, 0.000000000000000000e+00, 1.319294422864913940e-01, 0.000000000000000000e+00, 0.000000000000000000e+00, 6.365822553634643555e-01, 0.000000000000000000e+00, 3.253424763679504395e-01, 0.000000000000000000e+00, 0.000000000000000000e+00, 0.000000000000000000e+00, 9.912797808647155762e-01
1.332354843616485596e-01, 2.516901791095733643e-01, 8.714955300092697144e-02, 0.000000000000000000e+00, 4.581613540649414062e-01, 1.076996803283691406e+00, 1.180245041847229004e+00, 2.715365216135978699e-02, 7.007130980491638184e-01, 0.000000000000000000e+00, 2.370344251394271851e-01, 0.000000000000000000e+00, 1.089359596371650696e-01, 5.833777785301208496e-01, 0.000000000000000000e+00, 2.197219580411911011e-01, 0.000000000000000000e+00, 0.000000000000000000e+00, 0.000000000000000000e+00, 9.112163186073303223e-01
0.000000000000000000e+00, 3.826569020748138428e-02, 0.000000000000000000e+00, 0.000000000000000000e+00, 6.870781779289245605e-01, 9.287099242210388184e-01, 1.598243474960327148e+00, 0.000000000000000000e+00, 9.617758989334106445e-01, 0.000000000000000000e+00, 2.201610989868640900e-02, 0.000000000000000000e+00, 0.000000000000000000e+00, 6.371301412582397461e-01, 0.000000000000000000e+00, 4.147498011589050293e-01, 0.000000000000000000e+00, 0.000000000000000000e+00, 0.000000000000000000e+00, 1.072648525238037109e+00
0.000000000000000000e+00, 3.481297940015792847e-02, 0.000000000000000000e+00, 0.000000000000000000e+00, 6.901054978370666504e-01, 9.219515323638916016e-01, 1.597920775413513184e+00, 0.000000000000000000e+00, 9.647035598754882812e-01, 0.000000000000000000e+00, 1.432910189032554626e-02, 0.000000000000000000e+00, 0.000000000000000000e+00, 6.286424994468688965e-01, 0.000000000000000000e+00, 4.157946407794952393e-01, 0.000000000000000000e+00, 0.000000000000000000e+00, 0.000000000000000000e+00, 1.073146581649780273e+00
3.684895038604736328e-01, 5.219560861587524414e-01, 2.507574856281280518e-01, 0.000000000000000000e+00, 2.368319332599639893e-01, 1.236892223358154297e+00, 7.322281599044799805e-01, 3.012574017047882080e-01, 4.954665601253509521e-01, 1.303214430809020996e-01, 4.571654200553894043e-01, 0.000000000000000000e+00, 3.339354395866394043e-01, 4.266799688339233398e-01, 0.000000000000000000e+00, 1.590174436569213867e-02, 0.000000000000000000e+00, 0.000000000000000000e+00, 0.000000000000000000e+00, 7.515966296195983887e-01
1.167291283607482910e+00, 1.479595422744750977e+00, 7.337036728858947754e-01, 0.000000000000000000e+00, 0.000000000000000000e+00, 1.849283218383789062e+00, 0.000000000000000000e+00, 1.200629353523254395e+00, 1.468190401792526245e-01, 8.213787674903869629e-01, 1.209505558013916016e+00, 0.000000000000000000e+00, 9.729877710342407227e-01, 0.000000000000000000e+00, 0.000000000000000000e+00, 0.000000000000000000e+00, 0.000000000000000000e+00, 0.000000000000000000e+00, 0.000000000000000000e+00, 3.715469539165496826e-01
9.249605238437652588e-02, 2.066781818866729736e-01, 5.861164629459381104e-02, 0.000000000000000000e+00, 4.996058940887451172e-01, 1.047876596450805664e+00, 1.261308193206787109e+00, 0.000000000000000000e+00, 7.418206930160522461e-01, 0.000000000000000000e+00, 1.987530589103698730e-01, 0.000000000000000000e+00, 6.854403764009475708e-02, 6.062195897102355957e-01, 0.000000000000000000e+00, 2.576241791248321533e-01, 0.000000000000000000e+00, 0.000000000000000000e+00, 0.000000000000000000e+00, 9.399188756942749023e-01
3.981997966766357422e-01, 5.560984015464782715e-01, 2.699352800846099854e-01, 0.000000000000000000e+00, 2.105305492877960205e-01, 1.255831241607666016e+00, 6.783287525177001953e-01, 3.355452418327331543e-01, 4.730328023433685303e-01, 1.565515249967575073e-01, 4.848388433456420898e-01, 0.000000000000000000e+00, 3.608013093471527100e-01, 4.070091843605041504e-01, 0.000000000000000000e+00, 0.000000000000000000e+00, 0.000000000000000000e+00, 0.000000000000000000e+00, 0.000000000000000000e+00, 7.317078709602355957e-01
5.163885951042175293e-01, 6.921905279159545898e-01, 3.434040844440460205e-01, 0.000000000000000000e+00, 1.109869480133056641e-01, 1.330653905868530273e+00, 4.744224548339843750e-01, 4.701813161373138428e-01, 3.919495940208435059e-01, 2.621673941612243652e-01, 5.954341888427734375e-01, 0.000000000000000000e+00, 4.655636250972747803e-01, 3.273677527904510498e-01, 0.000000000000000000e+00, 0.000000000000000000e+00, 0.000000000000000000e+00, 0.000000000000000000e+00, 0.000000000000000000e+00, 6.559233665466308594e-01
0.000000000000000000e+00, 5.757661908864974976e-02, 0.000000000000000000e+00, 0.000000000000000000e+00, 6.603055000305175781e-01, 9.464661478996276855e-01, 1.560272216796875000e+00, 0.000000000000000000e+00, 9.257359504699707031e-01, 0.000000000000000000e+00, 5.276586115360260010e-02, 0.000000000000000000e+00, 0.000000000000000000e+00, 6.472350358963012695e-01, 0.000000000000000000e+00, 3.961935341358184814e-01, 0.000000000000000000e+00, 0.000000000000000000e+00, 0.000000000000000000e+00, 1.053068399429321289e+00
0.000000000000000000e+00, 4.748495295643806458e-02, 0.000000000000000000e+00, 0.000000000000000000e+00, 6.743088960647583008e-01, 9.370009303092956543e-01, 1.582519650459289551e+00, 0.000000000000000000e+00, 9.449136257171630859e-01, 0.000000000000000000e+00, 3.867200016975402832e-02, 0.000000000000000000e+00, 0.000000000000000000e+00, 6.447431445121765137e-01, 0.000000000000000000e+00, 4.064508676528930664e-01, 0.000000000000000000e+00, 0.000000000000000000e+00, 0.000000000000000000e+00, 1.063787460327148438e+00
0.000000000000000000e+00, 1.027920842170715332e-01, 0.000000000000000000e+00, 0.000000000000000000e+00, 6.063293814659118652e-01, 9.795848131179809570e-01, 1.462126016616821289e+00, 0.000000000000000000e+00, 8.551785945892333984e-01, 0.000000000000000000e+00, 1.062490567564964294e-01, 0.000000000000000000e+00, 0.000000000000000000e+00, 6.438702344894409180e-01, 0.000000000000000000e+00, 3.502495288848876953e-01, 0.000000000000000000e+00, 0.000000000000000000e+00, 0.000000000000000000e+00, 1.011806249618530273e+00
0.000000000000000000e+00, 5.376076325774192810e-02, 0.000000000000000000e+00, 0.000000000000000000e+00, 6.656347513198852539e-01, 9.430443644523620605e-01, 1.568864822387695312e+00, 0.000000000000000000e+00, 9.329570531845092773e-01, 0.000000000000000000e+00, 4.763457924127578735e-02, 0.000000000000000000e+00, 0.000000000000000000e+00, 6.466157436370849609e-01, 0.000000000000000000e+00, 4.000124931335449219e-01, 0.000000000000000000e+00, 0.000000000000000000e+00, 0.000000000000000000e+00, 1.056919813156127930e+00
0.000000000000000000e+00, 9.032423794269561768e-02, 0.000000000000000000e+00, 0.000000000000000000e+00, 6.206231117248535156e-01, 9.705924391746520996e-01, 1.488436102867126465e+00, 0.000000000000000000e+00, 8.728121519088745117e-01, 0.000000000000000000e+00, 9.285993874073028564e-02, 0.000000000000000000e+00, 0.000000000000000000e+00, 6.464684009552001953e-01, 0.000000000000000000e+00, 3.625789284706115723e-01, 0.000000000000000000e+00, 0.000000000000000000e+00, 0.000000000000000000e+00, 1.022392511367797852e+00
1.993523836135864258e-01, 3.265040516853332520e-01, 1.347750425338745117e-01, 0.000000000000000000e+00, 3.940030336380004883e-01, 1.123368263244628906e+00, 1.051297903060913086e+00, 1.040577292442321777e-01, 6.383376717567443848e-01, 0.000000000000000000e+00, 2.984871864318847656e-01, 0.000000000000000000e+00, 1.735359281301498413e-01, 5.414167642593383789e-01, 0.000000000000000000e+00, 1.590910851955413818e-01, 0.000000000000000000e+00, 0.000000000000000000e+00, 0.000000000000000000e+00, 8.649821877479553223e-01
3.782291412353515625e-01, 5.330511331558227539e-01, 2.570828795433044434e-01, 0.000000000000000000e+00, 2.281215786933898926e-01, 1.243149280548095703e+00, 7.145605087280273438e-01, 3.125650286674499512e-01, 4.880678057670593262e-01, 1.388817876577377319e-01, 4.662026762962341309e-01, 0.000000000000000000e+00, 3.428219854831695557e-01, 4.202385544776916504e-01, 0.000000000000000000e+00, 7.946133613586425781e-03, 0.000000000000000000e+00, 0.000000000000000000e+00, 0.000000000000000000e+00, 7.450222969055175781e-01
2.700344920158386230e-01, 4.078841209411621094e-01, 1.839313358068466187e-01, 0.000000000000000000e+00, 3.279224038124084473e-01, 1.171112537384033203e+00, 9.166536331176757812e-01, 1.856441795825958252e-01, 5.762543678283691406e-01, 4.327714070677757263e-02, 3.643003702163696289e-01, 0.000000000000000000e+00, 2.408907413482666016e-01, 4.936839938163757324e-01, 0.000000000000000000e+00, 9.893320500850677490e-02, 0.000000000000000000e+00, 0.000000000000000000e+00, 0.000000000000000000e+00, 8.181328177452087402e-01
9.542829990386962891e-01, 1.217986822128295898e+00, 6.063136458396911621e-01, 0.000000000000000000e+00, 0.000000000000000000e+00, 1.658485651016235352e+00, 0.000000000000000000e+00, 9.694119691848754883e-01, 1.947342455387115479e-01, 6.461782455444335938e-01, 1.007184386253356934e+00, 0.000000000000000000e+00, 8.179976344108581543e-01, 6.943640112876892090e-02, 0.000000000000000000e+00, 0.000000000000000000e+00, 0.000000000000000000e+00, 0.000000000000000000e+00, 0.000000000000000000e+00, 4.434273242950439453e-01
1.250025868415832520e+00, 1.581964969635009766e+00, 7.838799357414245605e-01, 0.000000000000000000e+00, 0.000000000000000000e+00, 1.926997900009155273e+00, 0.000000000000000000e+00, 1.290622949600219727e+00, 1.311909407377243042e-01, 8.882381916046142578e-01, 1.288569450378417969e+00, 0.000000000000000000e+00, 1.033024668693542480e+00, 0.000000000000000000e+00, 0.000000000000000000e+00, 0.000000000000000000e+00, 0.000000000000000000e+00, 0.000000000000000000e+00, 0.000000000000000000e+00, 3.469538986682891846e-01
1.734651684761047363e+00, 2.174933671951293945e+00, 1.075064063072204590e+00, 0.000000000000000000e+00, 0.000000000000000000e+00, 2.395027875900268555e+00, 0.000000000000000000e+00, 1.816580772399902344e+00, 5.268487334251403809e-02, 1.270131587982177734e+00, 1.756003618240356445e+00, 0.000000000000000000e+00, 1.386164903640747070e+00, 0.000000000000000000e+00, 0.000000000000000000e+00, 0.000000000000000000e+00, 0.000000000000000000e+00, 0.000000000000000000e+00, 0.000000000000000000e+00, 2.239973545074462891e-01
3.817361593246459961e-01, 5.371798872947692871e-01, 2.593538761138916016e-01, 0.000000000000000000e+00, 2.250233590602874756e-01, 1.245458126068115234e+00, 7.081847190856933594e-01, 3.166254162788391113e-01, 4.854084551334381104e-01, 1.419801265001296997e-01, 4.694447517395019531e-01, 0.000000000000000000e+00, 3.460418879985809326e-01, 4.180044233798980713e-01, 0.000000000000000000e+00, 5.071997642517089844e-03, 0.000000000000000000e+00, 0.000000000000000000e+00, 0.000000000000000000e+00, 7.428083419799804688e-01
1.059728503227233887e+00, 1.346904039382934570e+00, 6.690062284469604492e-01, 0.000000000000000000e+00, 0.000000000000000000e+00, 1.750586986541748047e+00, 0.000000000000000000e+00, 1.084539771080017090e+00, 1.688527166843414307e-01, 7.335566282272338867e-01, 1.107494592666625977e+00, 0.000000000000000000e+00, 8.949935436248779297e-01, 1.734231412410736084e-02, 0.000000000000000000e+00, 0.000000000000000000e+00, 0.000000000000000000e+00, 0.000000000000000000e+00, 0.000000000000000000e+00, 4.059621691703796387e-01
2.467567443847656250e+00, 3.066035509109497070e+00, 1.514455080032348633e+00, 0.000000000000000000e+00, 0.000000000000000000e+00, 3.119142293930053711e+00, 0.000000000000000000e+00, 2.608263015747070312e+00, 0.000000000000000000e+00, 1.839639306068420410e+00, 2.466708183288574219e+00, 0.000000000000000000e+00, 1.921533823013305664e+00, 0.000000000000000000e+00, 0.000000000000000000e+00, 0.000000000000000000e+00, 0.000000000000000000e+00, 0.000000000000000000e+00, 0.000000000000000000e+00, 5.584579706192016602e-02
1.246530532836914062e+00, 1.577690839767456055e+00, 7.817600369453430176e-01, 0.000000000000000000e+00, 0.000000000000000000e+00, 1.923725605010986328e+00, 0.000000000000000000e+00, 1.286844968795776367e+00, 1.318164765834808350e-01, 8.855263590812683105e-01, 1.285388946533203125e+00, 0.000000000000000000e+00, 1.030544996261596680e+00, 0.000000000000000000e+00, 0.000000000000000000e+00, 0.000000000000000000e+00, 0.000000000000000000e+00, 0.000000000000000000e+00, 0.000000000000000000e+00, 3.479885458946228027e-01
1.446408152580261230e+00, 1.822973966598510742e+00, 9.022377133369445801e-01, 0.000000000000000000e+00, 0.000000000000000000e+00, 2.114964723587036133e+00, 0.000000000000000000e+00, 1.504095554351806641e+00, 9.841322898864746094e-02, 1.044504404067993164e+00, 1.478450298309326172e+00, 0.000000000000000000e+00, 1.176046609878540039e+00, 0.000000000000000000e+00, 0.000000000000000000e+00, 0.000000000000000000e+00, 0.000000000000000000e+00, 0.000000000000000000e+00, 0.000000000000000000e+00, 2.949126362800598145e-01
4.117821216583251953e+00, 5.069137096405029297e+00, 2.504529953002929688e+00, 0.000000000000000000e+00, 0.000000000000000000e+00, 4.764295578002929688e+00, 0.000000000000000000e+00, 4.393031597137451172e+00, 0.000000000000000000e+00, 3.122192144393920898e+00, 4.073520660400390625e+00, 0.000000000000000000e+00, 3.136741638183593750e+00, 0.000000000000000000e+00, 0.000000000000000000e+00, 0.000000000000000000e+00, 0.000000000000000000e+00, 0.000000000000000000e+00, 0.000000000000000000e+00, 0.000000000000000000e+00
3.185258507728576660e-01, 4.642489850521087646e-01, 2.176334112882614136e-01, 0.000000000000000000e+00, 2.826006710529327393e-01, 1.203923940658569336e+00, 8.252354860305786133e-01, 2.425050437450408936e-01, 5.353446006774902344e-01, 8.560971915721893311e-02, 4.105052351951599121e-01, 0.000000000000000000e+00, 2.872035205364227295e-01, 4.601681828498840332e-01, 0.000000000000000000e+00, 5.776356160640716553e-02, 0.000000000000000000e+00, 0.000000000000000000e+00, 0.000000000000000000e+00, 7.855919003486633301e-01
3.142745733261108398e+00, 3.885788202285766602e+00, 1.920517206192016602e+00, 0.000000000000000000e+00, 0.000000000000000000e+00, 3.790920019149780273e+00, 0.000000000000000000e+00, 3.339952707290649414e+00, 0.000000000000000000e+00, 2.364619016647338867e+00, 3.124321937561035156e+00, 0.000000000000000000e+00, 2.417611598968505859e+00, 0.000000000000000000e+00, 0.000000000000000000e+00, 0.000000000000000000e+00, 0.000000000000000000e+00, 0.000000000000000000e+00, 0.000000000000000000e+00, 0.000000000000000000e+00
1.865062236785888672e+00, 2.334083318710327148e+00, 1.153200626373291016e+00, 0.000000000000000000e+00, 0.000000000000000000e+00, 2.523027658462524414e+00, 0.000000000000000000e+00, 1.957701325416564941e+00, 3.250029683113098145e-02, 1.371656298637390137e+00, 1.882159709930419922e+00, 0.000000000000000000e+00, 1.481297016143798828e+00, 0.000000000000000000e+00, 0.000000000000000000e+00, 0.000000000000000000e+00, 0.000000000000000000e+00, 0.000000000000000000e+00, 0.000000000000000000e+00, 1.934142410755157471e-01
4.132979869842529297e+00, 5.087139606475830078e+00, 2.513760089874267578e+00, 0.000000000000000000e+00, 0.000000000000000000e+00, 4.779265403747558594e+00, 0.000000000000000000e+00, 4.409413814544677734e+00, 0.000000000000000000e+00, 3.134037494659423828e+00, 4.088206291198730469e+00, 0.000000000000000000e+00, 3.147809982299804688e+00, 0.000000000000000000e+00, 0.000000000000000000e+00, 0.000000000000000000e+00, 0.000000000000000000e+00, 0.000000000000000000e+00, 0.000000000000000000e+00, 0.000000000000000000e+00
3.679336071014404297e+00, 4.536874294281005859e+00, 2.241933822631835938e+00, 0.000000000000000000e+00, 0.000000000000000000e+00, 4.326067447662353516e+00, 0.000000000000000000e+00, 3.919651985168457031e+00, 0.000000000000000000e+00, 2.781419992446899414e+00, 3.646477699279785156e+00, 0.000000000000000000e+00, 2.812994956970214844e+00, 0.000000000000000000e+00, 0.000000000000000000e+00, 0.000000000000000000e+00, 0.000000000000000000e+00, 0.000000000000000000e+00, 0.000000000000000000e+00, 0.000000000000000000e+00
5.028033256530761719e+00, 6.171905517578125000e+00, 3.049777030944824219e+00, 0.000000000000000000e+00, 0.000000000000000000e+00, 5.673599243164062500e+00, 0.000000000000000000e+00, 5.373694419860839844e+00, 0.000000000000000000e+00, 3.828049421310424805e+00, 4.959712505340576172e+00, 0.000000000000000000e+00, 3.808946847915649414e+00, 0.000000000000000000e+00, 0.000000000000000000e+00, 0.000000000000000000e+00, 0.000000000000000000e+00, 0.000000000000000000e+00, 0.000000000000000000e+00, 0.000000000000000000e+00
4.496656894683837891e+00, 5.528275966644287109e+00, 2.731673955917358398e+00, 0.000000000000000000e+00, 0.000000000000000000e+00, 5.142689704895019531e+00, 0.000000000000000000e+00, 4.801231384277343750e+00, 0.000000000000000000e+00, 3.416122198104858398e+00, 4.442488670349121094e+00, 0.000000000000000000e+00, 3.416375398635864258e+00, 0.000000000000000000e+00, 0.000000000000000000e+00, 0.000000000000000000e+00, 0.000000000000000000e+00, 0.000000000000000000e+00, 0.000000000000000000e+00, 0.000000000000000000e+00
3.043370246887207031e+00, 3.765228986740112305e+00, 1.860876321792602539e+00, 0.000000000000000000e+00, 0.000000000000000000e+00, 3.692044973373413086e+00, 0.000000000000000000e+00, 3.232316017150878906e+00, 0.000000000000000000e+00, 2.287482976913452148e+00, 3.027641534805297852e+00, 0.000000000000000000e+00, 2.344476461410522461e+00, 0.000000000000000000e+00, 0.000000000000000000e+00, 0.000000000000000000e+00, 0.000000000000000000e+00, 0.000000000000000000e+00, 0.000000000000000000e+00, 0.000000000000000000e+00
0.000000000000000000e+00, 9.689594060182571411e-02, 0.000000000000000000e+00, 0.000000000000000000e+00, 6.130933761596679688e-01, 9.754573702812194824e-01, 1.474521398544311523e+00, 0.000000000000000000e+00, 8.634247779846191406e-01, 0.000000000000000000e+00, 1.000172644853591919e-01, 0.000000000000000000e+00, 0.000000000000000000e+00, 6.451779007911682129e-01, 0.000000000000000000e+00, 3.560925126075744629e-01, 0.000000000000000000e+00, 0.000000000000000000e+00, 0.000000000000000000e+00, 1.016690254211425781e+00
4.966899156570434570e-01, 6.696019172668457031e-01, 3.315304815769195557e-01, 0.000000000000000000e+00, 1.272074282169342041e-01, 1.318216085433959961e+00, 5.076180100440979004e-01, 4.478114545345306396e-01, 4.048827886581420898e-01, 2.446827143430709839e-01, 5.770304799079895020e-01, 0.000000000000000000e+00, 4.483395814895629883e-01, 3.404139876365661621e-01, 0.000000000000000000e+00, 0.000000000000000000e+00, 0.000000000000000000e+00, 0.000000000000000000e+00, 0.000000000000000000e+00, 6.682177782058715820e-01
0.000000000000000000e+00, 7.302936911582946777e-02, 0.000000000000000000e+00, 0.000000000000000000e+00, 6.407911181449890137e-01, 9.583765268325805664e-01, 1.525859594345092773e+00, 0.000000000000000000e+00, 8.989582061767578125e-01, 0.000000000000000000e+00, 7.265898585319519043e-02, 0.000000000000000000e+00, 0.000000000000000000e+00, 6.481550931930541992e-01, 0.000000000000000000e+00, 3.801854848861694336e-01, 0.000000000000000000e+00, 0.000000000000000000e+00, 0.000000000000000000e+00, 1.038109540939331055e+00
0.000000000000000000e+00, 5.494843423366546631e-02, 0.000000000000000000e+00, 0.000000000000000000e+00, 6.639701724052429199e-01, 9.443343281745910645e-01, 1.566056966781616211e+00, 0.000000000000000000e+00, 9.305988550186157227e-01, 0.000000000000000000e+00, 4.933030903339385986e-02, 0.000000000000000000e+00, 0.000000000000000000e+00, 6.469096541404724121e-01, 0.000000000000000000e+00, 3.987364172935485840e-01, 0.000000000000000000e+00, 0.000000000000000000e+00, 0.000000000000000000e+00, 1.055652141571044922e+00
3.611260950565338135e-01, 5.133227109909057617e-01, 2.458123713731765747e-01, 0.000000000000000000e+00, 2.435403466224670410e-01, 1.232124090194702148e+00, 7.459886074066162109e-01, 2.926143705844879150e-01, 5.013413429260253906e-01, 1.236988753080368042e-01, 4.502370357513427734e-01, 0.000000000000000000e+00, 3.271288871765136719e-01, 4.316207170486450195e-01, 0.000000000000000000e+00, 2.210434526205062866e-02, 0.000000000000000000e+00, 0.000000000000000000e+00, 0.000000000000000000e+00, 7.567154765129089355e-01
6.006788462400436401e-02, 1.715174317359924316e-01, 3.602581843733787537e-02, 0.000000000000000000e+00, 5.333968400955200195e-01, 1.025768041610717773e+00, 1.326088905334472656e+00, 0.000000000000000000e+00, 7.761759757995605469e-01, 0.000000000000000000e+00, 1.687422245740890503e-01, 0.000000000000000000e+00, 3.735639154911041260e-02, 6.217333674430847168e-01, 0.000000000000000000e+00, 2.878177762031555176e-01, 0.000000000000000000e+00, 0.000000000000000000e+00, 0.000000000000000000e+00, 9.622011780738830566e-01
2.372974753379821777e-01, 3.700866401195526123e-01, 1.612261384725570679e-01, 0.000000000000000000e+00, 3.585416674613952637e-01, 1.149010181427001953e+00, 9.787719249725341797e-01, 1.476015299558639526e-01, 6.045538783073425293e-01, 1.521867141127586365e-02, 3.335341215133666992e-01, 0.000000000000000000e+00, 2.094894945621490479e-01, 5.161320567131042480e-01, 0.000000000000000000e+00, 1.265682578086853027e-01, 0.000000000000000000e+00, 0.000000000000000000e+00, 0.000000000000000000e+00, 8.397381901741027832e-01
9.728435873985290527e-01, 1.240597009658813477e+00, 6.174357533454895020e-01, 0.000000000000000000e+00, 0.000000000000000000e+00, 1.674470901489257812e+00, 0.000000000000000000e+00, 9.897897243499755859e-01, 1.896343082189559937e-01, 6.617128849029541016e-01, 1.025005221366882324e+00, 0.000000000000000000e+00, 8.316075205802917480e-01, 5.999122560024261475e-02, 0.000000000000000000e+00, 0.000000000000000000e+00, 0.000000000000000000e+00, 0.000000000000000000e+00, 0.000000000000000000e+00, 4.365299940109252930e-01
2.126543521881103516e-01, 3.418625295162200928e-01, 1.441389769315719604e-01, 0.000000000000000000e+00, 3.815193176269531250e-01, 1.132565975189208984e+00, 1.025679469108581543e+00, 1.194026470184326172e-01, 6.263378858566284180e-01, 0.000000000000000000e+00, 3.109167218208312988e-01, 0.000000000000000000e+00, 1.862829029560089111e-01, 5.325461626052856445e-01, 0.000000000000000000e+00, 1.475031673908233643e-01, 0.000000000000000000e+00, 0.000000000000000000e+00, 0.000000000000000000e+00, 8.561305999755859375e-01
5.090866982936859131e-02, 1.615295112133026123e-01, 2.966855466365814209e-02, 0.000000000000000000e+00, 5.431568622589111328e-01, 1.019444465637207031e+00, 1.344440937042236328e+00, 0.000000000000000000e+00, 7.863700389862060547e-01, 0.000000000000000000e+00, 1.605161428451538086e-01, 0.000000000000000000e+00, 2.842059172689914703e-02, 6.253921389579772949e-01, 0.000000000000000000e+00, 2.963429093360900879e-01, 0.000000000000000000e+00, 0.000000000000000000e+00, 0.000000000000000000e+00, 9.686189293861389160e-01
4.554309844970703125e-01, 6.219139099121093750e-01, 3.060814440250396729e-01, 0.000000000000000000e+00, 1.616665422916412354e-01, 1.292099595069885254e+00, 5.780693888664245605e-01, 4.009040892124176025e-01, 4.326961338520050049e-01, 2.078838497400283813e-01, 5.382636785507202148e-01, 0.000000000000000000e+00, 4.116974472999572754e-01, 3.681828379631042480e-01, 0.000000000000000000e+00, 0.000000000000000000e+00, 0.000000000000000000e+00, 0.000000000000000000e+00, 0.000000000000000000e+00, 6.943693161010742188e-01
9.884405732154846191e-01, 1.259599447250366211e+00, 6.267352700233459473e-01, 0.000000000000000000e+00, 0.000000000000000000e+00, 1.687720298767089844e+00, 0.000000000000000000e+00, 1.006928682327270508e+00, 1.855101138353347778e-01, 6.746829152107238770e-01, 1.039856910705566406e+00, 0.000000000000000000e+00, 8.429532051086425781e-01, 5.205324292182922363e-02, 0.000000000000000000e+00, 0.000000000000000000e+00, 0.000000000000000000e+00, 0.000000000000000000e+00, 0.000000000000000000e+00, 4.305924177169799805e-01
4.829168319702148438e-01, 6.536480784416198730e-01, 3.231644034385681152e-01, 0.000000000000000000e+00, 1.385341584682464600e-01, 1.309564590454101562e+00, 5.308625102043151855e-01, 4.322504103183746338e-01, 4.140122532844543457e-01, 2.324352711439132690e-01, 5.640767216682434082e-01, 0.000000000000000000e+00, 4.361034035682678223e-01, 3.496553897857666016e-01, 0.000000000000000000e+00, 0.000000000000000000e+00, 0.000000000000000000e+00, 0.000000000000000000e+00, 0.000000000000000000e+00, 6.767493486404418945e-01
0.000000000000000000e+00, 5.187596380710601807e-02, 0.000000000000000000e+00, 0.000000000000000000e+00, 6.683033108711242676e-01, 9.413435459136962891e-01, 1.573089361190795898e+00, 0.000000000000000000e+00, 9.364551305770874023e-01, 0.000000000000000000e+00, 4.508683085441589355e-02, 0.000000000000000000e+00, 0.000000000000000000e+00, 6.461136341094970703e-01, 0.000000000000000000e+00, 4.019759297370910645e-01, 0.000000000000000000e+00, 0.000000000000000000e+00, 0.000000000000000000e+00, 1.058954119682312012e+00
4.862616658210754395e-01, 6.574844717979431152e-01, 3.251726627349853516e-01, 0.000000000000000000e+00, 1.358811259269714355e-01, 1.311707496643066406e+00, 5.252891778945922852e-01, 4.359069764614105225e-01, 4.118407368659973145e-01, 2.353788763284683228e-01, 5.672084093093872070e-01, 0.000000000000000000e+00, 4.390709400177001953e-01, 3.474210500717163086e-01, 0.000000000000000000e+00, 0.000000000000000000e+00, 0.000000000000000000e+00, 0.000000000000000000e+00, 0.000000000000000000e+00, 6.747373342514038086e-01
1.921635121107101440e-04, 1.091627031564712524e-01, 0.000000000000000000e+00, 0.000000000000000000e+00, 5.989754796028137207e-01, 9.843335151672363281e-01, 1.448729753494262695e+00, 0.000000000000000000e+00, 8.465262651443481445e-01, 0.000000000000000000e+00, 1.127766221761703491e-01, 0.000000000000000000e+00, 0.000000000000000000e+00, 6.422420144081115723e-01, 0.000000000000000000e+00, 3.440258204936981201e-01, 0.000000000000000000e+00, 0.000000000000000000e+00, 0.000000000000000000e+00, 1.006548166275024414e+00
1.324597299098968506e-01, 2.507809996604919434e-01, 8.658491075038909912e-02, 0.000000000000000000e+00, 4.588764905929565430e-01, 1.076382398605346680e+00, 1.181727290153503418e+00, 2.629994228482246399e-02, 7.014484405517578125e-01, 0.000000000000000000e+00, 2.363159805536270142e-01, 0.000000000000000000e+00, 1.081720516085624695e-01, 5.838336944580078125e-01, 0.000000000000000000e+00, 2.204122543334960938e-01, 0.000000000000000000e+00, 0.000000000000000000e+00, 0.000000000000000000e+00, 9.117540717124938965e-01
2.327129840850830078e-01, 3.648275136947631836e-01, 1.580326408147811890e-01, 0.000000000000000000e+00, 3.628620207309722900e-01, 1.145885229110717773e+00, 9.875614643096923828e-01, 1.423954069614410400e-01, 6.086988449096679688e-01, 1.135693863034248352e-02, 3.291776180267333984e-01, 0.000000000000000000e+00, 2.051157951354980469e-01, 5.192478895187377930e-01, 0.000000000000000000e+00, 1.304053217172622681e-01, 0.000000000000000000e+00, 0.000000000000000000e+00, 0.000000000000000000e+00, 8.428407311439514160e-01
0.000000000000000000e+00, 9.795197099447250366e-02, 0.000000000000000000e+00, 0.000000000000000000e+00, 6.118652224540710449e-01, 9.760800004005432129e-01, 1.472300171852111816e+00, 0.000000000000000000e+00, 8.619058132171630859e-01, 0.000000000000000000e+00, 1.011192351579666138e-01, 0.000000000000000000e+00, 0.000000000000000000e+00, 6.449319124221801758e-01, 0.000000000000000000e+00, 3.550702929496765137e-01, 0.000000000000000000e+00, 0.000000000000000000e+00, 0.000000000000000000e+00, 1.015751719474792480e+00
4.607272744178771973e-01, 6.280006766319274902e-01, 3.093334138393402100e-01, 0.000000000000000000e+00, 1.572292894124984741e-01, 1.295395374298095703e+00, 5.689158439636230469e-01, 4.069136679172515869e-01, 4.290696382522583008e-01, 2.126043885946273804e-01, 5.430971384048461914e-01, 0.000000000000000000e+00, 4.163494706153869629e-01, 3.646441102027893066e-01, 0.000000000000000000e+00, 0.000000000000000000e+00, 0.000000000000000000e+00, 0.000000000000000000e+00, 0.000000000000000000e+00, 6.909750699996948242e-01
0.000000000000000000e+00, 3.664793074131011963e-02, 0.000000000000000000e+00, 0.000000000000000000e+00, 6.889649033546447754e-01, 9.259203076362609863e-01, 1.598981261253356934e+00, 0.000000000000000000e+00, 9.640058279037475586e-01, 0.000000000000000000e+00, 1.830729842185974121e-02, 0.000000000000000000e+00, 0.000000000000000000e+00, 6.336393952369689941e-01, 0.000000000000000000e+00, 4.154965281486511230e-01, 0.000000000000000000e+00, 0.000000000000000000e+00, 0.000000000000000000e+00, 1.073403120040893555e+00
1.349004209041595459e-01, 2.536192536354064941e-01, 8.833116292953491211e-02, 0.000000000000000000e+00, 4.564458727836608887e-01, 1.078187227249145508e+00, 1.176813125610351562e+00, 2.913038805127143860e-02, 6.989809274673461914e-01, 0.000000000000000000e+00, 2.386355251073837280e-01, 0.000000000000000000e+00, 1.106505766510963440e-01, 5.823550224304199219e-01, 0.000000000000000000e+00, 2.181628346443176270e-01, 0.000000000000000000e+00, 0.000000000000000000e+00, 0.000000000000000000e+00, 9.099968075752258301e-01
0.000000000000000000e+00, 3.483880683779716492e-02, 0.000000000000000000e+00, 0.000000000000000000e+00, 6.901312470436096191e-01, 9.219895005226135254e-01, 1.597965478897094727e+00, 0.000000000000000000e+00, 9.647088050842285156e-01, 0.000000000000000000e+00, 1.435225829482078552e-02, 0.000000000000000000e+00, 0.000000000000000000e+00, 6.287032961845397949e-01, 0.000000000000000000e+00, 4.158031046390533447e-01, 0.000000000000000000e+00, 0.000000000000000000e+00, 0.000000000000000000e+00, 1.073163986206054688e+00
0.000000000000000000e+00, 5.411721765995025635e-02, 0.000000000000000000e+00, 0.000000000000000000e+00, 6.651244759559631348e-01, 9.433926939964294434e-01, 1.567990779876708984e+00, 0.000000000000000000e+00, 9.321984052658081055e-01, 0.000000000000000000e+00, 4.814974591135978699e-02, 0.000000000000000000e+00, 0.000000000000000000e+00, 6.466956734657287598e-01, 0.000000000000000000e+00, 3.996255397796630859e-01, 0.000000000000000000e+00, 0.000000000000000000e+00, 0.000000000000000000e+00, 1.056513786315917969e+00
1.670128665864467621e-02, 1.253109425306320190e-01, 5.958921276032924652e-03, 0.000000000000000000e+00, 5.806475877761840820e-01, 9.955880045890808105e-01, 1.415314435958862305e+00, 0.000000000000000000e+00, 8.261785507202148438e-01, 0.000000000000000000e+00, 1.284594237804412842e-01, 0.000000000000000000e+00, 0.000000000000000000e+00, 6.376789808273315430e-01, 0.000000000000000000e+00, 3.288097977638244629e-01, 0.000000000000000000e+00, 0.000000000000000000e+00, 0.000000000000000000e+00, 9.940510392189025879e-01
6.328198313713073730e-01, 8.276662230491638184e-01, 4.137090742588043213e-01, 0.000000000000000000e+00, 1.893049478530883789e-02, 1.407167911529541016e+00, 2.846133708953857422e-01, 6.038303375244140625e-01, 3.198569416999816895e-01, 3.654321730136871338e-01, 7.045664191246032715e-01, 0.000000000000000000e+00, 5.662065744400024414e-01, 2.517415285110473633e-01, 0.000000000000000000e+00, 0.000000000000000000e+00, 0.000000000000000000e+00, 0.000000000000000000e+00, 0.000000000000000000e+00, 5.864458084106445312e-01
5.382240414619445801e-01, 7.174037098884582520e-01, 3.566348254680633545e-01, 0.000000000000000000e+00, 9.330122917890548706e-02, 1.344518899917602539e+00, 4.379982352256774902e-01, 4.951374232769012451e-01, 3.777279853820800781e-01, 2.814858257770538330e-01, 6.158753633499145508e-01, 0.000000000000000000e+00, 4.846993088722229004e-01, 3.131158649921417236e-01, 0.000000000000000000e+00, 0.000000000000000000e+00, 0.000000000000000000e+00, 0.000000000000000000e+00, 0.000000000000000000e+00, 6.423947811126708984e-01
0.000000000000000000e+00, 1.016203761100769043e-01, 0.000000000000000000e+00, 0.000000000000000000e+00, 6.077510714530944824e-01, 9.790880680084228516e-01, 1.464748740196228027e+00, 0.000000000000000000e+00, 8.567957878112792969e-01, 0.000000000000000000e+00, 1.051068902015686035e-01, 0.000000000000000000e+00, 0.000000000000000000e+00, 6.441065669059753418e-01, 0.000000000000000000e+00, 3.513917028903961182e-01, 0.000000000000000000e+00, 0.000000000000000000e+00, 0.000000000000000000e+00, 1.012861013412475586e+00
6.882587075233459473e-01, 8.941736817359924316e-01, 4.470133781433105469e-01, 0.000000000000000000e+00, 0.000000000000000000e+00, 1.446883916854858398e+00, 1.998012959957122803e-01, 6.677401065826416016e-01, 2.910487949848175049e-01, 4.157033860683441162e-01, 7.559399008750915527e-01, 0.000000000000000000e+00, 6.128119826316833496e-01, 2.173730880022048950e-01, 0.000000000000000000e+00, 0.000000000000000000e+00, 0.000000000000000000e+00, 0.000000000000000000e+00, 0.000000000000000000e+00, 5.570896267890930176e-01
5.340757966041564941e-01, 7.125571370124816895e-01, 3.540565371513366699e-01, 0.000000000000000000e+00, 9.670972824096679688e-02, 1.341991901397705078e+00, 4.450389742851257324e-01, 4.903796613216400146e-01, 3.804233372211456299e-01, 2.777576744556427002e-01, 6.119565963745117188e-01, 0.000000000000000000e+00, 4.810264706611633301e-01, 3.158388137817382812e-01, 0.000000000000000000e+00, 0.000000000000000000e+00, 0.000000000000000000e+00, 0.000000000000000000e+00, 0.000000000000000000e+00, 6.450346112251281738e-01
3.958202838897705078e+00, 4.875210762023925781e+00, 2.408986806869506836e+00, 0.000000000000000000e+00, 0.000000000000000000e+00, 4.604676723480224609e+00, 0.000000000000000000e+00, 4.220694541931152344e+00, 0.000000000000000000e+00, 2.998198747634887695e+00, 3.918035507202148438e+00, 0.000000000000000000e+00, 3.018899917602539062e+00, 0.000000000000000000e+00, 0.000000000000000000e+00, 0.000000000000000000e+00, 0.000000000000000000e+00, 0.000000000000000000e+00, 0.000000000000000000e+00, 0.000000000000000000e+00
7.127429842948913574e-01, 9.234127402305603027e-01, 4.615349173545837402e-01, 0.000000000000000000e+00, 0.000000000000000000e+00, 1.464781045913696289e+00, 1.641349494457244873e-01, 6.952198743820190430e-01, 2.798295319080352783e-01, 4.371534883975982666e-01, 7.784572839736938477e-01, 0.000000000000000000e+00, 6.327353119850158691e-01, 2.030916661024093628e-01, 0.000000000000000000e+00, 0.000000000000000000e+00, 0.000000000000000000e+00, 0.000000000000000000e+00, 0.000000000000000000e+00, 5.450487136840820312e-01
2.478750944137573242e+00, 3.079688310623168945e+00, 1.521285414695739746e+00, 0.000000000000000000e+00, 0.000000000000000000e+00, 3.130396604537963867e+00, 0.000000000000000000e+00, 2.620356559753417969e+00, 0.000000000000000000e+00, 1.848334074020385742e+00, 2.477605342864990234e+00, 0.000000000000000000e+00, 1.929797768592834473e+00, 0.000000000000000000e+00, 0.000000000000000000e+00, 0.000000000000000000e+00, 0.000000000000000000e+00, 0.000000000000000000e+00, 0.000000000000000000e+00, 5.335474014282226562e-02
3.202914714813232422e+00, 3.958786487579345703e+00, 1.956578373908996582e+00, 0.000000000000000000e+00, 0.000000000000000000e+00, 3.850865125656127930e+00, 0.000000000000000000e+00, 3.405020713806152344e+00, 0.000000000000000000e+00, 2.411370038986206055e+00, 3.182953357696533203e+00, 0.000000000000000000e+00, 2.461858272552490234e+00, 0.000000000000000000e+00, 0.000000000000000000e+00, 0.000000000000000000e+00, 0.000000000000000000e+00, 0.000000000000000000e+00, 0.000000000000000000e+00, 0.000000000000000000e+00
9.635117650032043457e-01, 1.229321718215942383e+00, 6.119422912597656250e-01, 0.000000000000000000e+00, 0.000000000000000000e+00, 1.666514873504638672e+00, 0.000000000000000000e+00, 9.796308279037475586e-01, 1.922009587287902832e-01, 6.540023684501647949e-01, 1.016328096389770508e+00, 0.000000000000000000e+00, 8.248648047447204590e-01, 6.469005346298217773e-02, 0.000000000000000000e+00, 0.000000000000000000e+00, 0.000000000000000000e+00, 0.000000000000000000e+00, 0.000000000000000000e+00, 4.400312900543212891e-01
2.473963975906372070e+00, 3.073789596557617188e+00, 1.518376588821411133e+00, 0.000000000000000000e+00, 0.000000000000000000e+00, 3.125468015670776367e+00, 0.000000000000000000e+00, 2.615248680114746094e+00, 0.000000000000000000e+00, 1.844577431678771973e+00, 2.472994327545166016e+00, 0.000000000000000000e+00, 1.926173210144042969e+00, 0.000000000000000000e+00, 0.000000000000000000e+00, 0.000000000000000000e+00, 0.000000000000000000e+00, 0.000000000000000000e+00, 0.000000000000000000e+00, 5.442443490028381348e-02
2.363560914993286133e+00, 2.939755678176879883e+00, 1.452042579650878906e+00, 0.000000000000000000e+00, 0.000000000000000000e+00, 3.015979528427124023e+00, 0.000000000000000000e+00, 2.495877265930175781e+00, 0.000000000000000000e+00, 1.758790969848632812e+00, 2.365558147430419922e+00, 0.000000000000000000e+00, 1.845297336578369141e+00, 0.000000000000000000e+00, 0.000000000000000000e+00, 0.000000000000000000e+00, 0.000000000000000000e+00, 0.000000000000000000e+00, 0.000000000000000000e+00, 7.944786548614501953e-02
3.634974002838134766e+00, 4.482971668243408203e+00, 2.215321302413940430e+00, 0.000000000000000000e+00, 0.000000000000000000e+00, 4.281558990478515625e+00, 0.000000000000000000e+00, 3.871698617935180664e+00, 0.000000000000000000e+00, 2.746893167495727539e+00, 3.603074550628662109e+00, 0.000000000000000000e+00, 2.780242443084716797e+00, 0.000000000000000000e+00, 0.000000000000000000e+00, 0.000000000000000000e+00, 0.000000000000000000e+00, 0.000000000000000000e+00, 0.000000000000000000e+00, 0.000000000000000000e+00
1.492267251014709473e+00, 1.878838539123535156e+00, 9.297672510147094727e-01, 0.000000000000000000e+00, 0.000000000000000000e+00, 2.158864021301269531e+00, 0.000000000000000000e+00, 1.553850054740905762e+00, 9.105397760868072510e-02, 1.080649375915527344e+00, 1.522416830062866211e+00, 0.000000000000000000e+00, 1.209208846092224121e+00, 0.000000000000000000e+00, 0.000000000000000000e+00, 0.000000000000000000e+00, 0.000000000000000000e+00, 0.000000000000000000e+00, 0.000000000000000000e+00, 2.830831408500671387e-01
1.220269799232482910e+00, 1.545184850692749023e+00, 7.659494280815124512e-01, 0.000000000000000000e+00, 0.000000000000000000e+00, 1.899102210998535156e+00, 0.000000000000000000e+00, 1.258394956588745117e+00, 1.367745697498321533e-01, 8.644087910652160645e-01, 1.260302424430847168e+00, 0.000000000000000000e+00, 1.011446356773376465e+00, 0.000000000000000000e+00, 0.000000000000000000e+00, 0.000000000000000000e+00, 0.000000000000000000e+00, 0.000000000000000000e+00, 0.000000000000000000e+00, 3.554414510726928711e-01
2.391927480697631836e+00, 2.974277734756469727e+00, 1.469169139862060547e+00, 0.000000000000000000e+00, 0.000000000000000000e+00, 3.044259548187255859e+00, 0.000000000000000000e+00, 2.526571273803710938e+00, 0.000000000000000000e+00, 1.780781269073486328e+00, 2.393270969390869141e+00, 0.000000000000000000e+00, 1.866203069686889648e+00, 0.000000000000000000e+00, 0.000000000000000000e+00, 0.000000000000000000e+00, 0.000000000000000000e+00, 0.000000000000000000e+00, 0.000000000000000000e+00, 7.298776507377624512e-02
3.099914789199829102e+00, 3.833850622177124023e+00, 1.894702196121215820e+00, 0.000000000000000000e+00, 0.000000000000000000e+00, 3.748261213302612305e+00, 0.000000000000000000e+00, 3.293576955795288086e+00, 0.000000000000000000e+00, 2.331367731094360352e+00, 3.082612276077270508e+00, 0.000000000000000000e+00, 2.386028051376342773e+00, 0.000000000000000000e+00, 0.000000000000000000e+00, 0.000000000000000000e+00, 0.000000000000000000e+00, 0.000000000000000000e+00, 0.000000000000000000e+00, 0.000000000000000000e+00
1.806853055953979492e+00, 2.263094663619995117e+00, 1.118411421775817871e+00, 0.000000000000000000e+00, 0.000000000000000000e+00, 2.465858697891235352e+00, 0.000000000000000000e+00, 1.894752383232116699e+00, 4.158049821853637695e-02, 1.326436519622802734e+00, 1.825790643692016602e+00, 0.000000000000000000e+00, 1.438850879669189453e+00, 0.000000000000000000e+00, 0.000000000000000000e+00, 0.000000000000000000e+00, 0.000000000000000000e+00, 0.000000000000000000e+00, 0.000000000000000000e+00, 2.069277316331863403e-01
2.373207092285156250e+00, 2.951281547546386719e+00, 1.457817554473876953e+00, 0.000000000000000000e+00, 0.000000000000000000e+00, 3.025535345077514648e+00, 0.000000000000000000e+00, 2.506191253662109375e+00, 0.000000000000000000e+00, 1.766199111938476562e+00, 2.374870300292968750e+00, 0.000000000000000000e+00, 1.852256655693054199e+00, 0.000000000000000000e+00, 0.000000000000000000e+00, 0.000000000000000000e+00, 0.000000000000000000e+00, 0.000000000000000000e+00, 0.000000000000000000e+00, 7.723790407180786133e-02
2.597040176391601562e+00, 3.223122358322143555e+00, 1.592321634292602539e+00, 0.000000000000000000e+00, 0.000000000000000000e+00, 3.247665405273437500e+00, 0.000000000000000000e+00, 2.748255968093872070e+00, 0.000000000000000000e+00, 1.940131187438964844e+00, 2.592649459838867188e+00, 0.000000000000000000e+00, 2.016337871551513672e+00, 0.000000000000000000e+00, 0.000000000000000000e+00, 0.000000000000000000e+00, 0.000000000000000000e+00, 0.000000000000000000e+00, 0.000000000000000000e+00, 2.660280466079711914e-02
1.878606557846069336e+00, 2.350647449493408203e+00, 1.161292672157287598e+00, 0.000000000000000000e+00, 0.000000000000000000e+00, 2.536349058151245117e+00, 0.000000000000000000e+00, 1.972425103187561035e+00, 3.056201338768005371e-02, 1.382241725921630859e+00, 1.895290374755859375e+00, 0.000000000000000000e+00, 1.491051673889160156e+00, 0.000000000000000000e+00, 0.000000000000000000e+00, 0.000000000000000000e+00, 0.000000000000000000e+00, 0.000000000000000000e+00, 0.000000000000000000e+00, 1.901798248291015625e-01
2.305909633636474609e+00, 2.869771718978881836e+00, 1.417474985122680664e+00, 0.000000000000000000e+00, 0.000000000000000000e+00, 2.958873748779296875e+00, 0.000000000000000000e+00, 2.433590888977050781e+00, 0.000000000000000000e+00, 1.714042186737060547e+00, 2.309585094451904297e+00, 0.000000000000000000e+00, 1.803138732910156250e+00, 0.000000000000000000e+00, 0.000000000000000000e+00, 0.000000000000000000e+00, 0.000000000000000000e+00, 0.000000000000000000e+00, 0.000000000000000000e+00, 9.254643321037292480e-02
1.221228957176208496e+00, 1.546324729919433594e+00, 7.665762305259704590e-01, 0.000000000000000000e+00, 0.000000000000000000e+00, 1.900078296661376953e+00, 0.000000000000000000e+00, 1.259320497512817383e+00, 1.365849673748016357e-01, 8.652383685111999512e-01, 1.261153221130371094e+00, 0.000000000000000000e+00, 1.012057542800903320e+00, 0.000000000000000000e+00, 0.000000000000000000e+00, 0.000000000000000000e+00, 0.000000000000000000e+00, 0.000000000000000000e+00, 0.000000000000000000e+00, 3.551765382289886475e-01
2.170863628387451172e+00, 2.705880403518676758e+00, 1.336350321769714355e+00, 0.000000000000000000e+00, 0.000000000000000000e+00, 2.825065851211547852e+00, 0.000000000000000000e+00, 2.287811040878295898e+00, 0.000000000000000000e+00, 1.608933210372924805e+00, 2.178415775299072266e+00, 0.000000000000000000e+00, 1.704359531402587891e+00, 0.000000000000000000e+00, 0.000000000000000000e+00, 0.000000000000000000e+00, 0.000000000000000000e+00, 0.000000000000000000e+00, 0.000000000000000000e+00, 1.232070177793502808e-01
1.726551413536071777e+00, 2.164951086044311523e+00, 1.070277571678161621e+00, 0.000000000000000000e+00, 0.000000000000000000e+00, 2.387077569961547852e+00, 0.000000000000000000e+00, 1.807832837104797363e+00, 5.403943359851837158e-02, 1.263879656791687012e+00, 1.748186111450195312e+00, 0.000000000000000000e+00, 1.380254983901977539e+00, 0.000000000000000000e+00, 0.000000000000000000e+00, 0.000000000000000000e+00, 0.000000000000000000e+00, 0.000000000000000000e+00, 0.000000000000000000e+00, 2.259070724248886108e-01
