0.000000000000000000e+00, 0.000000000000000000e+00, 6.680140495300292969e+00, 0.000000000000000000e+00, 0.000000000000000000e+00, 7.595860481262207031e+00, 8.003075599670410156e+00, 0.000000000000000000e+00, 0.000000000000000000e+00, 2.483127593994140625e+01, 0.000000000000000000e+00, 0.000000000000000000e+00, 0.000000000000000000e+00, 0.000000000000000000e+00, 0.000000000000000000e+00, 0.000000000000000000e+00, 8.196427345275878906e+00, 0.000000000000000000e+00, 0.000000000000000000e+00, 0.000000000000000000e+00
9.315328598022460938e+00, 0.000000000000000000e+00, 1.737226867675781250e+01, 0.000000000000000000e+00, 0.000000000000000000e+00, 9.543780326843261719e+00, 4.138003349304199219e+00, 0.000000000000000000e+00, 0.000000000000000000e+00, 1.154897308349609375e+01, 0.000000000000000000e+00, 0.000000000000000000e+00, 0.000000000000000000e+00, 0.000000000000000000e+00, 0.000000000000000000e+00, 0.000000000000000000e+00, 4.405450820922851562e+00, 0.000000000000000000e+00, 0.000000000000000000e+00, 0.000000000000000000e+00
7.648134231567382812e+00, 0.000000000000000000e+00, 2.031397247314453125e+01, 0.000000000000000000e+00, 0.000000000000000000e+00, 1.001554203033447266e+01, 1.663361907005310059e+00, 0.000000000000000000e+00, 0.000000000000000000e+00, 2.885952377319335938e+01, 0.000000000000000000e+00, 0.000000000000000000e+00, 0.000000000000000000e+00, 0.000000000000000000e+00, 0.000000000000000000e+00, 0.000000000000000000e+00, 5.593791007995605469e+00, 0.000000000000000000e+00, 0.000000000000000000e+00, 0.000000000000000000e+00
3.419441223144531250e+00, 0.000000000000000000e+00, 7.437248826026916504e-01, 0.000000000000000000e+00, 0.000000000000000000e+00, 5.553862094879150391e+00, 6.748883247375488281e+00, 0.000000000000000000e+00, 0.000000000000000000e+00, 1.672418403625488281e+01, 0.000000000000000000e+00, 0.000000000000000000e+00, 0.000000000000000000e+00, 0.000000000000000000e+00, 0.000000000000000000e+00, 0.000000000000000000e+00, 5.524508476257324219e+00, 0.000000000000000000e+00, 0.000000000000000000e+00, 0.000000000000000000e+00
2.064260864257812500e+01, 0.000000000000000000e+00, 7.447600364685058594e+00, 0.000000000000000000e+00, 0.000000000000000000e+00, 2.350717544555664062e+00, 8.465935707092285156e+00, 0.000000000000000000e+00, 0.000000000000000000e+00, 2.059915351867675781e+01, 0.000000000000000000e+00, 0.000000000000000000e+00, 0.000000000000000000e+00, 0.000000000000000000e+00, 0.000000000000000000e+00, 0.000000000000000000e+00, 4.957282245159149170e-01, 0.000000000000000000e+00, 0.000000000000000000e+00, 0.000000000000000000e+00
1.038996410369873047e+01, 0.000000000000000000e+00, 1.743147015571594238e+00, 0.000000000000000000e+00, 0.000000000000000000e+00, 3.216176748275756836e+00, 4.697805404663085938e+00, 0.000000000000000000e+00, 0.000000000000000000e+00, 1.586709117889404297e+01, 0.000000000000000000e+00, 0.000000000000000000e+00, 0.000000000000000000e+00, 0.000000000000000000e+00, 0.000000000000000000e+00, 0.000000000000000000e+00, 3.277569532394409180e+00, 0.000000000000000000e+00, 0.000000000000000000e+00, 0.000000000000000000e+00
1.434902954101562500e+01, 0.000000000000000000e+00, 6.637106895446777344e+00, 0.000000000000000000e+00, 0.000000000000000000e+00, 1.258842706680297852e+00, 2.173806667327880859e+00, 0.000000000000000000e+00, 0.000000000000000000e+00, 1.099288082122802734e+01, 0.000000000000000000e+00, 0.000000000000000000e+00, 0.000000000000000000e+00, 0.000000000000000000e+00, 0.000000000000000000e+00, 0.000000000000000000e+00, 6.499194622039794922e+00, 0.000000000000000000e+00, 0.000000000000000000e+00, 0.000000000000000000e+00
1.206564140319824219e+01, 0.000000000000000000e+00, 2.654476404190063477e+00, 0.000000000000000000e+00, 0.000000000000000000e+00, 2.945333719253540039e+00, 3.393650054931640625e+00, 0.000000000000000000e+00, 0.000000000000000000e+00, 1.002388095855712891e+01, 0.000000000000000000e+00, 0.000000000000000000e+00, 0.000000000000000000e+00, 0.000000000000000000e+00, 0.000000000000000000e+00, 0.000000000000000000e+00, 3.920484304428100586e+00, 0.000000000000000000e+00, 0.000000000000000000e+00, 0.000000000000000000e+00
1.180564880371093750e+01, 0.000000000000000000e+00, 6.242734909057617188e+00, 0.000000000000000000e+00, 0.000000000000000000e+00, 5.129164695739746094e+00, 3.485481977462768555e+00, 0.000000000000000000e+00, 0.000000000000000000e+00, 5.907649993896484375e+00, 0.000000000000000000e+00, 0.000000000000000000e+00, 0.000000000000000000e+00, 0.000000000000000000e+00, 0.000000000000000000e+00, 0.000000000000000000e+00, 4.788069248199462891e+00, 0.000000000000000000e+00, 0.000000000000000000e+00, 0.000000000000000000e+00
1.287415695190429688e+01, 0.000000000000000000e+00, 4.747645854949951172e+00, 0.000000000000000000e+00, 0.000000000000000000e+00, 2.086806774139404297e+00, 2.137982845306396484e+00, 0.000000000000000000e+00, 0.000000000000000000e+00, 9.115891456604003906e+00, 0.000000000000000000e+00, 0.000000000000000000e+00, 0.000000000000000000e+00, 0.000000000000000000e+00, 0.000000000000000000e+00, 0.000000000000000000e+00, 2.224625825881958008e+00, 0.000000000000000000e+00, 0.000000000000000000e+00, 0.000000000000000000e+00
1.167754364013671875e+01, 0.000000000000000000e+00, 1.647926902770996094e+01, 0.000000000000000000e+00, 0.000000000000000000e+00, 2.856784105300903320e+00, 2.066212147474288940e-01, 0.000000000000000000e+00, 0.000000000000000000e+00, 8.806456565856933594e+00, 0.000000000000000000e+00, 0.000000000000000000e+00, 0.000000000000000000e+00, 0.000000000000000000e+00, 0.000000000000000000e+00, 0.000000000000000000e+00, 5.382760524749755859e+00, 0.000000000000000000e+00, 0.000000000000000000e+00, 0.000000000000000000e+00
1.449003028869628906e+01, 0.000000000000000000e+00, 9.028176307678222656e+00, 0.000000000000000000e+00, 0.000000000000000000e+00, 3.146220445632934570e+00, 7.109851241111755371e-01, 0.000000000000000000e+00, 0.000000000000000000e+00, 1.225450229644775391e+01, 0.000000000000000000e+00, 0.000000000000000000e+00, 0.000000000000000000e+00, 0.000000000000000000e+00, 0.000000000000000000e+00, 0.000000000000000000e+00, 4.643810749053955078e+00, 0.000000000000000000e+00, 0.000000000000000000e+00, 0.000000000000000000e+00
1.563132476806640625e+01, 0.000000000000000000e+00, 4.123443126678466797e+00, 0.000000000000000000e+00, 0.000000000000000000e+00, 5.571046829223632812e+00, 3.462668895721435547e+00, 0.000000000000000000e+00, 0.000000000000000000e+00, 9.974825859069824219e+00, 0.000000000000000000e+00, 0.000000000000000000e+00, 0.000000000000000000e+00, 0.000000000000000000e+00, 0.000000000000000000e+00, 0.000000000000000000e+00, 5.037765026092529297e+00, 0.000000000000000000e+00, 0.000000000000000000e+00, 0.000000000000000000e+00
1.192934799194335938e+01, 0.000000000000000000e+00, 7.240158915519714355e-01, 0.000000000000000000e+00, 0.000000000000000000e+00, 4.074049472808837891e+00, 3.908258914947509766e+00, 0.000000000000000000e+00, 0.000000000000000000e+00, 1.230258560180664062e+01, 0.000000000000000000e+00, 0.000000000000000000e+00, 0.000000000000000000e+00, 0.000000000000000000e+00, 0.000000000000000000e+00, 0.000000000000000000e+00, 4.024844646453857422e+00, 0.000000000000000000e+00, 0.000000000000000000e+00, 0.000000000000000000e+00
9.004311561584472656e+00, 0.000000000000000000e+00, 1.043024253845214844e+01, 0.000000000000000000e+00, 0.000000000000000000e+00, 5.231401443481445312e+00, 5.700749158859252930e-01, 0.000000000000000000e+00, 0.000000000000000000e+00, 6.128419876098632812e+00, 0.000000000000000000e+00, 0.000000000000000000e+00, 0.000000000000000000e+00, 0.000000000000000000e+00, 0.000000000000000000e+00, 0.000000000000000000e+00, 6.477935314178466797e+00, 0.000000000000000000e+00, 0.000000000000000000e+00, 0.000000000000000000e+00
8.780415534973144531e+00, 0.000000000000000000e+00, 9.513627052307128906e+00, 0.000000000000000000e+00, 0.000000000000000000e+00, 1.805294156074523926e+00, 0.000000000000000000e+00, 0.000000000000000000e+00, 0.000000000000000000e+00, 1.194952869415283203e+01, 0.000000000000000000e+00, 0.000000000000000000e+00, 0.000000000000000000e+00, 0.000000000000000000e+00, 0.000000000000000000e+00, 0.000000000000000000e+00, 5.733852863311767578e+00, 0.000000000000000000e+00, 0.000000000000000000e+00, 0.000000000000000000e+00
1.643843078613281250e+01, 0.000000000000000000e+00, 7.546470642089843750e+00, 0.000000000000000000e+00, 0.000000000000000000e+00, 1.015876865386962891e+01, 1.159373569488525391e+01, 0.000000000000000000e+00, 0.000000000000000000e+00, 1.013821840286254883e+00, 0.000000000000000000e+00, 0.000000000000000000e+00, 0.000000000000000000e+00, 0.000000000000000000e+00, 0.000000000000000000e+00, 0.000000000000000000e+00, 1.051956653594970703e+01, 0.000000000000000000e+00, 0.000000000000000000e+00, 0.000000000000000000e+00
1.563488388061523438e+01, 0.000000000000000000e+00, 8.041079521179199219e+00, 0.000000000000000000e+00, 0.000000000000000000e+00, 7.604732513427734375e+00, 6.236149787902832031e+00, 0.000000000000000000e+00, 0.000000000000000000e+00, 1.055659866333007812e+01, 0.000000000000000000e+00, 0.000000000000000000e+00, 0.000000000000000000e+00, 0.000000000000000000e+00, 0.000000000000000000e+00, 0.000000000000000000e+00, 6.989315509796142578e+00, 0.000000000000000000e+00, 0.000000000000000000e+00, 0.000000000000000000e+00
1.355283927917480469e+01, 0.000000000000000000e+00, 1.643770980834960938e+01, 0.000000000000000000e+00, 0.000000000000000000e+00, 7.837038516998291016e+00, 5.681598663330078125e+00, 0.000000000000000000e+00, 0.000000000000000000e+00, 4.356287002563476562e+00, 0.000000000000000000e+00, 0.000000000000000000e+00, 0.000000000000000000e+00, 0.000000000000000000e+00, 0.000000000000000000e+00, 0.000000000000000000e+00, 6.232263565063476562e+00, 0.000000000000000000e+00, 0.000000000000000000e+00, 0.000000000000000000e+00
3.242132568359375000e+01, 0.000000000000000000e+00, 0.000000000000000000e+00, 0.000000000000000000e+00, 0.000000000000000000e+00, 2.526258707046508789e+00, 1.302447605133056641e+01, 0.000000000000000000e+00, 0.000000000000000000e+00, 2.123046684265136719e+01, 0.000000000000000000e+00, 0.000000000000000000e+00, 0.000000000000000000e+00, 0.000000000000000000e+00, 0.000000000000000000e+00, 0.000000000000000000e+00, 1.639326286315917969e+01, 0.000000000000000000e+00, 0.000000000000000000e+00, 0.000000000000000000e+00
1.925162887573242188e+01, 0.000000000000000000e+00, 5.261177062988281250e+00, 0.000000000000000000e+00, 0.000000000000000000e+00, 4.606681168079376221e-01, 1.656947135925292969e+01, 0.000000000000000000e+00, 0.000000000000000000e+00, 2.534796714782714844e+01, 0.000000000000000000e+00, 0.000000000000000000e+00, 0.000000000000000000e+00, 0.000000000000000000e+00, 0.000000000000000000e+00, 0.000000000000000000e+00, 1.000653266906738281e+01, 0.000000000000000000e+00, 0.000000000000000000e+00, 0.000000000000000000e+00
3.849763107299804688e+01, 0.000000000000000000e+00, 2.224258422851562500e+01, 0.000000000000000000e+00, 0.000000000000000000e+00, 6.056639671325683594e+00, 3.978486537933349609e+00, 0.000000000000000000e+00, 0.000000000000000000e+00, 1.615590858459472656e+01, 0.000000000000000000e+00, 0.000000000000000000e+00, 0.000000000000000000e+00, 0.000000000000000000e+00, 0.000000000000000000e+00, 0.000000000000000000e+00, 1.028845691680908203e+01, 0.000000000000000000e+00, 0.000000000000000000e+00, 0.000000000000000000e+00
1.519762516021728516e+01, 0.000000000000000000e+00, 9.639504432678222656e+00, 0.000000000000000000e+00, 0.000000000000000000e+00, 1.622712898254394531e+01, 1.227311897277832031e+01, 0.000000000000000000e+00, 0.000000000000000000e+00, 2.192228507995605469e+01, 0.000000000000000000e+00, 0.000000000000000000e+00, 0.000000000000000000e+00, 0.000000000000000000e+00, 0.000000000000000000e+00, 0.000000000000000000e+00, 1.712908935546875000e+01, 0.000000000000000000e+00, 0.000000000000000000e+00, 0.000000000000000000e+00
9.683319091796875000e+00, 0.000000000000000000e+00, 1.399975490570068359e+01, 0.000000000000000000e+00, 0.000000000000000000e+00, 1.591213893890380859e+01, 2.645921707153320312e+00, 0.000000000000000000e+00, 0.000000000000000000e+00, 3.301519393920898438e+01, 0.000000000000000000e+00, 0.000000000000000000e+00, 0.000000000000000000e+00, 0.000000000000000000e+00, 0.000000000000000000e+00, 0.000000000000000000e+00, 1.169801712036132812e+01, 0.000000000000000000e+00, 0.000000000000000000e+00, 0.000000000000000000e+00
8.847234725952148438e+00, 0.000000000000000000e+00, 3.124485397338867188e+01, 0.000000000000000000e+00, 0.000000000000000000e+00, 7.950755596160888672e+00, 2.202491760253906250e-01, 0.000000000000000000e+00, 0.000000000000000000e+00, 2.045356750488281250e+01, 0.000000000000000000e+00, 0.000000000000000000e+00, 0.000000000000000000e+00, 0.000000000000000000e+00, 0.000000000000000000e+00, 0.000000000000000000e+00, 6.222074031829833984e+00, 0.000000000000000000e+00, 0.000000000000000000e+00, 0.000000000000000000e+00
1.204997062683105469e+01, 0.000000000000000000e+00, 1.292856121063232422e+01, 0.000000000000000000e+00, 0.000000000000000000e+00, 7.858149528503417969e+00, 2.809463024139404297e+00, 0.000000000000000000e+00, 0.000000000000000000e+00, 1.003469371795654297e+01, 0.000000000000000000e+00, 0.000000000000000000e+00, 0.000000000000000000e+00, 0.000000000000000000e+00, 0.000000000000000000e+00, 0.000000000000000000e+00, 6.572319507598876953e+00, 0.000000000000000000e+00, 0.000000000000000000e+00, 0.000000000000000000e+00
1.979595565795898438e+01, 0.000000000000000000e+00, 1.201639270782470703e+01, 0.000000000000000000e+00, 0.000000000000000000e+00, 2.014750003814697266e+00, 6.000102996826171875e+00, 0.000000000000000000e+00, 0.000000000000000000e+00, 7.590942859649658203e+00, 0.000000000000000000e+00, 0.000000000000000000e+00, 0.000000000000000000e+00, 0.000000000000000000e+00, 0.000000000000000000e+00, 0.000000000000000000e+00, 8.057299613952636719e+00, 0.000000000000000000e+00, 0.000000000000000000e+00, 0.000000000000000000e+00
1.073740005493164062e+01, 0.000000000000000000e+00, 1.616214179992675781e+01, 0.000000000000000000e+00, 0.000000000000000000e+00, 3.390402078628540039e+00, 6.010200977325439453e+00, 0.000000000000000000e+00, 0.000000000000000000e+00, 7.709527015686035156e+00, 0.000000000000000000e+00, 0.000000000000000000e+00, 0.000000000000000000e+00, 0.000000000000000000e+00, 0.000000000000000000e+00, 0.000000000000000000e+00, 8.015525817871093750e+00, 0.000000000000000000e+00, 0.000000000000000000e+00, 0.000000000000000000e+00
1.882199859619140625e+01, 0.000000000000000000e+00, 1.738504028320312500e+01, 0.000000000000000000e+00, 0.000000000000000000e+00, 9.217313766479492188e+00, 6.830712556838989258e-01, 0.000000000000000000e+00, 0.000000000000000000e+00, 1.072253513336181641e+01, 0.000000000000000000e+00, 0.000000000000000000e+00, 0.000000000000000000e+00, 0.000000000000000000e+00, 0.000000000000000000e+00, 0.000000000000000000e+00, 7.504566192626953125e+00, 0.000000000000000000e+00, 0.000000000000000000e+00, 0.000000000000000000e+00
1.644791030883789062e+01, 0.000000000000000000e+00, 2.044597625732421875e+01, 0.000000000000000000e+00, 0.000000000000000000e+00, 6.720454692840576172e+00, 2.537738323211669922e+00, 0.000000000000000000e+00, 0.000000000000000000e+00, 9.928927421569824219e+00, 0.000000000000000000e+00, 0.000000000000000000e+00, 0.000000000000000000e+00, 0.000000000000000000e+00, 0.000000000000000000e+00, 0.000000000000000000e+00, 7.848694324493408203e+00, 0.000000000000000000e+00, 0.000000000000000000e+00, 0.000000000000000000e+00
2.122322082519531250e+01, 0.000000000000000000e+00, 2.444980239868164062e+01, 0.000000000000000000e+00, 0.000000000000000000e+00, 1.894806098937988281e+01, 2.011005163192749023e+00, 0.000000000000000000e+00, 0.000000000000000000e+00, 2.634235858917236328e+00, 0.000000000000000000e+00, 0.000000000000000000e+00, 0.000000000000000000e+00, 0.000000000000000000e+00, 0.000000000000000000e+00, 0.000000000000000000e+00, 0.000000000000000000e+00, 0.000000000000000000e+00, 0.000000000000000000e+00, 0.000000000000000000e+00
2.435124588012695312e+01, 0.000000000000000000e+00, 2.217012405395507812e+01, 0.000000000000000000e+00, 0.000000000000000000e+00, 1.032029819488525391e+01, 2.610420227050781250e+00, 0.000000000000000000e+00, 0.000000000000000000e+00, 1.686895847320556641e+00, 0.000000000000000000e+00, 0.000000000000000000e+00, 0.000000000000000000e+00, 0.000000000000000000e+00, 0.000000000000000000e+00, 0.000000000000000000e+00, 1.912060499191284180e+00, 0.000000000000000000e+00, 0.000000000000000000e+00, 0.000000000000000000e+00
1.684222602844238281e+01, 0.000000000000000000e+00, 1.493017101287841797e+01, 0.000000000000000000e+00, 0.000000000000000000e+00, 1.446628284454345703e+01, 3.096669673919677734e+00, 0.000000000000000000e+00, 0.000000000000000000e+00, 1.705176830291748047e+00, 0.000000000000000000e+00, 0.000000000000000000e+00, 0.000000000000000000e+00, 0.000000000000000000e+00, 0.000000000000000000e+00, 0.000000000000000000e+00, 1.415020942687988281e+00, 0.000000000000000000e+00, 0.000000000000000000e+00, 0.000000000000000000e+00
1.987081146240234375e+01, 0.000000000000000000e+00, 2.517173194885253906e+01, 0.000000000000000000e+00, 0.000000000000000000e+00, 1.765132141113281250e+01, 2.862210750579833984e+00, 0.000000000000000000e+00, 0.000000000000000000e+00, 1.086448907852172852e+00, 0.000000000000000000e+00, 0.000000000000000000e+00, 0.000000000000000000e+00, 0.000000000000000000e+00, 0.000000000000000000e+00, 0.000000000000000000e+00, 2.217304229736328125e+00, 0.000000000000000000e+00, 0.000000000000000000e+00, 0.000000000000000000e+00
1.955045318603515625e+01, 0.000000000000000000e+00, 6.760099411010742188e+00, 0.000000000000000000e+00, 0.000000000000000000e+00, 1.860923385620117188e+01, 4.542371749877929688e+00, 0.000000000000000000e+00, 0.000000000000000000e+00, 6.270097255706787109e+00, 0.000000000000000000e+00, 0.000000000000000000e+00, 0.000000000000000000e+00, 0.000000000000000000e+00, 0.000000000000000000e+00, 0.000000000000000000e+00, 3.058735132217407227e+00, 0.000000000000000000e+00, 0.000000000000000000e+00, 0.000000000000000000e+00
1.300664806365966797e+01, 0.000000000000000000e+00, 0.000000000000000000e+00, 0.000000000000000000e+00, 0.000000000000000000e+00, 3.093287467956542969e+00, 1.398611545562744141e+01, 0.000000000000000000e+00, 0.000000000000000000e+00, 3.743187427520751953e+00, 0.000000000000000000e+00, 0.000000000000000000e+00, 0.000000000000000000e+00, 0.000000000000000000e+00, 0.000000000000000000e+00, 0.000000000000000000e+00, 1.337449932098388672e+01, 0.000000000000000000e+00, 0.000000000000000000e+00, 0.000000000000000000e+00
1.910115051269531250e+01, 0.000000000000000000e+00, 0.000000000000000000e+00, 0.000000000000000000e+00, 0.000000000000000000e+00, 4.309500694274902344e+00, 1.698508071899414062e+01, 0.000000000000000000e+00, 0.000000000000000000e+00, 0.000000000000000000e+00, 0.000000000000000000e+00, 0.000000000000000000e+00, 0.000000000000000000e+00, 0.000000000000000000e+00, 0.000000000000000000e+00, 0.000000000000000000e+00, 1.572241115570068359e+01, 0.000000000000000000e+00, 0.000000000000000000e+00, 0.000000000000000000e+00
2.297266387939453125e+01, 0.000000000000000000e+00, 1.736466884613037109e+00, 0.000000000000000000e+00, 0.000000000000000000e+00, 0.000000000000000000e+00, 1.774558830261230469e+01, 0.000000000000000000e+00, 0.000000000000000000e+00, 0.000000000000000000e+00, 0.000000000000000000e+00, 0.000000000000000000e+00, 0.000000000000000000e+00, 0.000000000000000000e+00, 0.000000000000000000e+00, 0.000000000000000000e+00, 1.642270469665527344e+01, 0.000000000000000000e+00, 0.000000000000000000e+00, 0.000000000000000000e+00
2.600953483581542969e+01, 0.000000000000000000e+00, 0.000000000000000000e+00, 0.000000000000000000e+00, 0.000000000000000000e+00, 7.419879913330078125e+00, 1.493495655059814453e+01, 0.000000000000000000e+00, 0.000000000000000000e+00, 1.503244400024414062e+00, 0.000000000000000000e+00, 0.000000000000000000e+00, 0.000000000000000000e+00, 0.000000000000000000e+00, 0.000000000000000000e+00, 0.000000000000000000e+00, 1.797755432128906250e+01, 0.000000000000000000e+00, 0.000000000000000000e+00, 0.000000000000000000e+00
2.073145103454589844e+01, 0.000000000000000000e+00, 0.000000000000000000e+00, 0.000000000000000000e+00, 0.000000000000000000e+00, 1.003190636634826660e+00, 1.550270175933837891e+01, 0.000000000000000000e+00, 0.000000000000000000e+00, 1.658281803131103516e+00, 0.000000000000000000e+00, 0.000000000000000000e+00, 0.000000000000000000e+00, 0.000000000000000000e+00, 0.000000000000000000e+00, 0.000000000000000000e+00, 1.662108612060546875e+01, 0.000000000000000000e+00, 0.000000000000000000e+00, 0.000000000000000000e+00
1.145078945159912109e+01, 0.000000000000000000e+00, 3.277093410491943359e+00, 0.000000000000000000e+00, 0.000000000000000000e+00, 1.292366123199462891e+01, 4.086442947387695312e+00, 0.000000000000000000e+00, 0.000000000000000000e+00, 5.174734592437744141e+00, 0.000000000000000000e+00, 0.000000000000000000e+00, 0.000000000000000000e+00, 0.000000000000000000e+00, 0.000000000000000000e+00, 0.000000000000000000e+00, 4.628149509429931641e+00, 0.000000000000000000e+00, 0.000000000000000000e+00, 0.000000000000000000e+00
1.348921775817871094e+01, 0.000000000000000000e+00, 3.228482007980346680e+00, 0.000000000000000000e+00, 0.000000000000000000e+00, 8.896407127380371094e+00, 5.130299568176269531e+00, 0.000000000000000000e+00, 0.000000000000000000e+00, 8.900736808776855469e+00, 0.000000000000000000e+00, 0.000000000000000000e+00, 0.000000000000000000e+00, 0.000000000000000000e+00, 0.000000000000000000e+00, 0.000000000000000000e+00, 7.112166881561279297e+00, 0.000000000000000000e+00, 0.000000000000000000e+00, 0.000000000000000000e+00
1.296610641479492188e+01, 0.000000000000000000e+00, 7.900091648101806641e+00, 0.000000000000000000e+00, 0.000000000000000000e+00, 9.280564308166503906e+00, 6.599372029304504395e-01, 0.000000000000000000e+00, 0.000000000000000000e+00, 6.103224754333496094e+00, 0.000000000000000000e+00, 0.000000000000000000e+00, 0.000000000000000000e+00, 0.000000000000000000e+00, 0.000000000000000000e+00, 0.000000000000000000e+00, 2.931704759597778320e+00, 0.000000000000000000e+00, 0.000000000000000000e+00, 0.000000000000000000e+00
1.094954299926757812e+01, 0.000000000000000000e+00, 5.900168418884277344e+00, 0.000000000000000000e+00, 0.000000000000000000e+00, 1.274349308013916016e+01, 1.647194027900695801e-01, 0.000000000000000000e+00, 0.000000000000000000e+00, 6.106511592864990234e+00, 0.000000000000000000e+00, 0.000000000000000000e+00, 0.000000000000000000e+00, 0.000000000000000000e+00, 0.000000000000000000e+00, 0.000000000000000000e+00, 2.779889822006225586e+00, 0.000000000000000000e+00, 0.000000000000000000e+00, 0.000000000000000000e+00
1.296509170532226562e+01, 0.000000000000000000e+00, 7.474918365478515625e+00, 0.000000000000000000e+00, 0.000000000000000000e+00, 8.199820518493652344e+00, 2.614717006683349609e+00, 0.000000000000000000e+00, 0.000000000000000000e+00, 1.874167203903198242e+00, 0.000000000000000000e+00, 0.000000000000000000e+00, 0.000000000000000000e+00, 0.000000000000000000e+00, 0.000000000000000000e+00, 0.000000000000000000e+00, 4.035423755645751953e+00, 0.000000000000000000e+00, 0.000000000000000000e+00, 0.000000000000000000e+00
1.256387805938720703e+01, 0.000000000000000000e+00, 3.308882522583007812e+01, 0.000000000000000000e+00, 0.000000000000000000e+00, 1.888108968734741211e+00, 7.903894424438476562e+00, 0.000000000000000000e+00, 0.000000000000000000e+00, 4.976387023925781250e+01, 0.000000000000000000e+00, 0.000000000000000000e+00, 0.000000000000000000e+00, 0.000000000000000000e+00, 0.000000000000000000e+00, 0.000000000000000000e+00, 2.568171691894531250e+01, 0.000000000000000000e+00, 0.000000000000000000e+00, 0.000000000000000000e+00
2.863155364990234375e+01, 0.000000000000000000e+00, 1.351413059234619141e+01, 0.000000000000000000e+00, 0.000000000000000000e+00, 0.000000000000000000e+00, 7.654132843017578125e+00, 0.000000000000000000e+00, 0.000000000000000000e+00, 6.296332550048828125e+01, 0.000000000000000000e+00, 0.000000000000000000e+00, 0.000000000000000000e+00, 0.000000000000000000e+00, 0.000000000000000000e+00, 0.000000000000000000e+00, 2.272897338867187500e+01, 0.000000000000000000e+00, 0.000000000000000000e+00, 0.000000000000000000e+00
2.210582351684570312e+01, 0.000000000000000000e+00, 3.045279502868652344e+01, 0.000000000000000000e+00, 0.000000000000000000e+00, 4.208034574985504150e-01, 7.131839752197265625e+00, 0.000000000000000000e+00, 0.000000000000000000e+00, 5.470222854614257812e+01, 0.000000000000000000e+00, 0.000000000000000000e+00, 0.000000000000000000e+00, 0.000000000000000000e+00, 0.000000000000000000e+00, 0.000000000000000000e+00, 2.572846984863281250e+01, 0.000000000000000000e+00, 0.000000000000000000e+00, 0.000000000000000000e+00
2.703754806518554688e+01, 0.000000000000000000e+00, 3.157670974731445312e+01, 0.000000000000000000e+00, 0.000000000000000000e+00, 4.423663139343261719e+00, 5.589586496353149414e-01, 0.000000000000000000e+00, 0.000000000000000000e+00, 4.922424697875976562e+01, 0.000000000000000000e+00, 0.000000000000000000e+00, 0.000000000000000000e+00, 0.000000000000000000e+00, 0.000000000000000000e+00, 0.000000000000000000e+00, 2.145984268188476562e+01, 0.000000000000000000e+00, 0.000000000000000000e+00, 0.000000000000000000e+00
2.975769805908203125e+01, 0.000000000000000000e+00, 2.612569427490234375e+01, 0.000000000000000000e+00, 0.000000000000000000e+00, 1.313784313201904297e+01, 0.000000000000000000e+00, 0.000000000000000000e+00, 0.000000000000000000e+00, 3.514645767211914062e+01, 0.000000000000000000e+00, 0.000000000000000000e+00, 0.000000000000000000e+00, 0.000000000000000000e+00, 0.000000000000000000e+00, 0.000000000000000000e+00, 2.367313003540039062e+01, 0.000000000000000000e+00, 0.000000000000000000e+00, 0.000000000000000000e+00
1.362555122375488281e+01, 0.000000000000000000e+00, 1.888906478881835938e+01, 0.000000000000000000e+00, 0.000000000000000000e+00, 1.239241218566894531e+01, 0.000000000000000000e+00, 0.000000000000000000e+00, 0.000000000000000000e+00, 1.380571842193603516e+01, 0.000000000000000000e+00, 0.000000000000000000e+00, 0.000000000000000000e+00, 0.000000000000000000e+00, 0.000000000000000000e+00, 0.000000000000000000e+00, 2.026218891143798828e+00, 0.000000000000000000e+00, 0.000000000000000000e+00, 0.000000000000000000e+00
3.236922264099121094e+00, 0.000000000000000000e+00, 1.683845710754394531e+01, 0.000000000000000000e+00, 0.000000000000000000e+00, 9.830163955688476562e+00, 6.074233055114746094e+00, 0.000000000000000000e+00, 0.000000000000000000e+00, 1.762870407104492188e+01, 0.000000000000000000e+00, 0.000000000000000000e+00, 0.000000000000000000e+00, 0.000000000000000000e+00, 0.000000000000000000e+00, 0.000000000000000000e+00, 4.410906314849853516e+00, 0.000000000000000000e+00, 0.000000000000000000e+00, 0.000000000000000000e+00
1.898706436157226562e+01, 0.000000000000000000e+00, 2.259551239013671875e+01, 0.000000000000000000e+00, 0.000000000000000000e+00, 1.302493858337402344e+01, 2.746940374374389648e+00, 0.000000000000000000e+00, 0.000000000000000000e+00, 1.050139331817626953e+01, 0.000000000000000000e+00, 0.000000000000000000e+00, 0.000000000000000000e+00, 0.000000000000000000e+00, 0.000000000000000000e+00, 0.000000000000000000e+00, 4.019561290740966797e+00, 0.000000000000000000e+00, 0.000000000000000000e+00, 0.000000000000000000e+00
9.883614540100097656e+00, 0.000000000000000000e+00, 4.513790130615234375e+00, 0.000000000000000000e+00, 0.000000000000000000e+00, 1.284802341461181641e+01, 8.504891395568847656e+00, 0.000000000000000000e+00, 0.000000000000000000e+00, 6.558571338653564453e+00, 0.000000000000000000e+00, 0.000000000000000000e+00, 0.000000000000000000e+00, 0.000000000000000000e+00, 0.000000000000000000e+00, 0.000000000000000000e+00, 2.364643573760986328e+00, 0.000000000000000000e+00, 0.000000000000000000e+00, 0.000000000000000000e+00
1.165666770935058594e+01, 0.000000000000000000e+00, 1.097059726715087891e+01, 0.000000000000000000e+00, 0.000000000000000000e+00, 1.270575714111328125e+01, 0.000000000000000000e+00, 0.000000000000000000e+00, 0.000000000000000000e+00, 1.568623447418212891e+01, 0.000000000000000000e+00, 0.000000000000000000e+00, 0.000000000000000000e+00, 0.000000000000000000e+00, 0.000000000000000000e+00, 0.000000000000000000e+00, 3.920633077621459961e+00, 0.000000000000000000e+00, 0.000000000000000000e+00, 0.000000000000000000e+00
1.022600746154785156e+01, 0.000000000000000000e+00, 3.337028503417968750e+00, 0.000000000000000000e+00, 0.000000000000000000e+00, 1.107643723487854004e+00, 6.896846294403076172e+00, 0.000000000000000000e+00, 0.000000000000000000e+00, 3.052457237243652344e+01, 0.000000000000000000e+00, 0.000000000000000000e+00, 0.000000000000000000e+00, 0.000000000000000000e+00, 0.000000000000000000e+00, 0.000000000000000000e+00, 7.403198719024658203e+00, 0.000000000000000000e+00, 0.000000000000000000e+00, 0.000000000000000000e+00
1.513015174865722656e+01, 0.000000000000000000e+00, 1.099529075622558594e+01, 0.000000000000000000e+00, 0.000000000000000000e+00, 0.000000000000000000e+00, 5.116171836853027344e+00, 0.000000000000000000e+00, 0.000000000000000000e+00, 2.625686836242675781e+01, 0.000000000000000000e+00, 0.000000000000000000e+00, 0.000000000000000000e+00, 0.000000000000000000e+00, 0.000000000000000000e+00, 0.000000000000000000e+00, 7.545207977294921875e+00, 0.000000000000000000e+00, 0.000000000000000000e+00, 0.000000000000000000e+00
2.347288513183593750e+01, 0.000000000000000000e+00, 2.059033012390136719e+01, 0.000000000000000000e+00, 0.000000000000000000e+00, 0.000000000000000000e+00, 1.892658948898315430e+00, 0.000000000000000000e+00, 0.000000000000000000e+00, 2.515013122558593750e+01, 0.000000000000000000e+00, 0.000000000000000000e+00, 0.000000000000000000e+00, 0.000000000000000000e+00, 0.000000000000000000e+00, 0.000000000000000000e+00, 7.628806591033935547e+00, 0.000000000000000000e+00, 0.000000000000000000e+00, 0.000000000000000000e+00
1.153824806213378906e+01, 0.000000000000000000e+00, 1.783504867553710938e+01, 0.000000000000000000e+00, 0.000000000000000000e+00, 2.810740232467651367e+00, 7.176503539085388184e-02, 0.000000000000000000e+00, 0.000000000000000000e+00, 2.596687889099121094e+01, 0.000000000000000000e+00, 0.000000000000000000e+00, 0.000000000000000000e+00, 0.000000000000000000e+00, 0.000000000000000000e+00, 0.000000000000000000e+00, 5.086196422576904297e+00, 0.000000000000000000e+00, 0.000000000000000000e+00, 0.000000000000000000e+00
1.771401786804199219e+01, 0.000000000000000000e+00, 9.769699096679687500e+00, 0.000000000000000000e+00, 0.000000000000000000e+00, 1.499051570892333984e+00, 3.418809175491333008e+00, 0.000000000000000000e+00, 0.000000000000000000e+00, 2.632711029052734375e+01, 0.000000000000000000e+00, 0.000000000000000000e+00, 0.000000000000000000e+00, 0.000000000000000000e+00, 0.000000000000000000e+00, 0.000000000000000000e+00, 6.655086994171142578e+00, 0.000000000000000000e+00, 0.000000000000000000e+00, 0.000000000000000000e+00
9.521945953369140625e+00, 0.000000000000000000e+00, 2.112688302993774414e+00, 0.000000000000000000e+00, 0.000000000000000000e+00, 1.862634658813476562e+00, 4.746893405914306641e+00, 0.000000000000000000e+00, 0.000000000000000000e+00, 7.695081710815429688e+00, 0.000000000000000000e+00, 0.000000000000000000e+00, 0.000000000000000000e+00, 0.000000000000000000e+00, 0.000000000000000000e+00, 0.000000000000000000e+00, 7.154919147491455078e+00, 0.000000000000000000e+00, 0.000000000000000000e+00, 0.000000000000000000e+00
1.082731533050537109e+01, 0.000000000000000000e+00, 7.011878967285156250e+00, 0.000000000000000000e+00, 0.000000000000000000e+00, 2.601796865463256836e+00, 1.656301856040954590e+00, 0.000000000000000000e+00, 0.000000000000000000e+00, 9.497952461242675781e+00, 0.000000000000000000e+00, 0.000000000000000000e+00, 0.000000000000000000e+00, 0.000000000000000000e+00, 0.000000000000000000e+00, 0.000000000000000000e+00, 4.149744510650634766e+00, 0.000000000000000000e+00, 0.000000000000000000e+00, 0.000000000000000000e+00
1.012954330444335938e+01, 0.000000000000000000e+00, 5.841740608215332031e+00, 0.000000000000000000e+00, 0.000000000000000000e+00, 0.000000000000000000e+00, 4.605931282043457031e+00, 0.000000000000000000e+00, 0.000000000000000000e+00, 7.594269752502441406e+00, 0.000000000000000000e+00, 0.000000000000000000e+00, 0.000000000000000000e+00, 0.000000000000000000e+00, 0.000000000000000000e+00, 0.000000000000000000e+00, 5.818268299102783203e+00, 0.000000000000000000e+00, 0.000000000000000000e+00, 0.000000000000000000e+00
1.029479789733886719e+01, 0.000000000000000000e+00, 2.836189270019531250e+00, 0.000000000000000000e+00, 0.000000000000000000e+00, 1.940881133079528809e+00, 3.120327472686767578e+00, 0.000000000000000000e+00, 0.000000000000000000e+00, 7.982983589172363281e+00, 0.000000000000000000e+00, 0.000000000000000000e+00, 0.000000000000000000e+00, 0.000000000000000000e+00, 0.000000000000000000e+00, 0.000000000000000000e+00, 5.452851772308349609e+00, 0.000000000000000000e+00, 0.000000000000000000e+00, 0.000000000000000000e+00
1.454796600341796875e+01, 0.000000000000000000e+00, 6.647068262100219727e-02, 0.000000000000000000e+00, 0.000000000000000000e+00, 3.804153501987457275e-01, 6.008503913879394531e+00, 0.000000000000000000e+00, 0.000000000000000000e+00, 7.352210998535156250e+00, 0.000000000000000000e+00, 0.000000000000000000e+00, 0.000000000000000000e+00, 0.000000000000000000e+00, 0.000000000000000000e+00, 0.000000000000000000e+00, 7.277040958404541016e+00, 0.000000000000000000e+00, 0.000000000000000000e+00, 0.000000000000000000e+00
1.856664657592773438e+01, 0.000000000000000000e+00, 8.355321884155273438e+00, 0.000000000000000000e+00, 0.000000000000000000e+00, 1.115898966789245605e+00, 3.076876163482666016e+00, 0.000000000000000000e+00, 0.000000000000000000e+00, 1.734842109680175781e+01, 0.000000000000000000e+00, 0.000000000000000000e+00, 0.000000000000000000e+00, 0.000000000000000000e+00, 0.000000000000000000e+00, 0.000000000000000000e+00, 9.305851936340332031e+00, 0.000000000000000000e+00, 0.000000000000000000e+00, 0.000000000000000000e+00
6.484628200531005859e+00, 0.000000000000000000e+00, 2.121956110000610352e+00, 0.000000000000000000e+00, 0.000000000000000000e+00, 2.255169630050659180e+00, 5.315558433532714844e+00, 0.000000000000000000e+00, 0.000000000000000000e+00, 2.163171386718750000e+01, 0.000000000000000000e+00, 0.000000000000000000e+00, 0.000000000000000000e+00, 0.000000000000000000e+00, 0.000000000000000000e+00, 0.000000000000000000e+00, 6.427474498748779297e+00, 0.000000000000000000e+00, 0.000000000000000000e+00, 0.000000000000000000e+00
1.568424034118652344e+01, 0.000000000000000000e+00, 1.149296474456787109e+01, 0.000000000000000000e+00, 0.000000000000000000e+00, 0.000000000000000000e+00, 2.921510457992553711e+00, 0.000000000000000000e+00, 0.000000000000000000e+00, 1.530508613586425781e+01, 0.000000000000000000e+00, 0.000000000000000000e+00, 0.000000000000000000e+00, 0.000000000000000000e+00, 0.000000000000000000e+00, 0.000000000000000000e+00, 2.310971975326538086e+00, 0.000000000000000000e+00, 0.000000000000000000e+00, 0.000000000000000000e+00
1.587774467468261719e+01, 0.000000000000000000e+00, 1.630994796752929688e+01, 0.000000000000000000e+00, 0.000000000000000000e+00, 3.598282575607299805e+00, 0.000000000000000000e+00, 0.000000000000000000e+00, 0.000000000000000000e+00, 1.519821453094482422e+01, 0.000000000000000000e+00, 0.000000000000000000e+00, 0.000000000000000000e+00, 0.000000000000000000e+00, 0.000000000000000000e+00, 0.000000000000000000e+00, 1.017064094543457031e+00, 0.000000000000000000e+00, 0.000000000000000000e+00, 0.000000000000000000e+00
9.751922607421875000e+00, 0.000000000000000000e+00, 3.163474321365356445e+00, 0.000000000000000000e+00, 0.000000000000000000e+00, 0.000000000000000000e+00, 5.661138057708740234e+00, 0.000000000000000000e+00, 0.000000000000000000e+00, 2.179155921936035156e+01, 0.000000000000000000e+00, 0.000000000000000000e+00, 0.000000000000000000e+00, 0.000000000000000000e+00, 0.000000000000000000e+00, 0.000000000000000000e+00, 3.770512104034423828e+00, 0.000000000000000000e+00, 0.000000000000000000e+00, 0.000000000000000000e+00
1.192825889587402344e+01, 0.000000000000000000e+00, 8.503121137619018555e-01, 0.000000000000000000e+00, 0.000000000000000000e+00, 0.000000000000000000e+00, 5.877273559570312500e+00, 0.000000000000000000e+00, 0.000000000000000000e+00, 1.646742630004882812e+01, 0.000000000000000000e+00, 0.000000000000000000e+00, 0.000000000000000000e+00, 0.000000000000000000e+00, 0.000000000000000000e+00, 0.000000000000000000e+00, 6.062038898468017578e+00, 0.000000000000000000e+00, 0.000000000000000000e+00, 0.000000000000000000e+00
2.241865539550781250e+01, 0.000000000000000000e+00, 3.256482362747192383e+00, 0.000000000000000000e+00, 0.000000000000000000e+00, 0.000000000000000000e+00, 1.028421783447265625e+01, 0.000000000000000000e+00, 0.000000000000000000e+00, 1.849152183532714844e+01, 0.000000000000000000e+00, 0.000000000000000000e+00, 0.000000000000000000e+00, 0.000000000000000000e+00, 0.000000000000000000e+00, 0.000000000000000000e+00, 1.746839332580566406e+01, 0.000000000000000000e+00, 0.000000000000000000e+00, 0.000000000000000000e+00
6.109415054321289062e+00, 0.000000000000000000e+00, 2.268557786941528320e+00, 0.000000000000000000e+00, 0.000000000000000000e+00, 0.000000000000000000e+00, 8.409284591674804688e+00, 0.000000000000000000e+00, 0.000000000000000000e+00, 1.144715023040771484e+01, 0.000000000000000000e+00, 0.000000000000000000e+00, 0.000000000000000000e+00, 0.000000000000000000e+00, 0.000000000000000000e+00, 0.000000000000000000e+00, 7.751725673675537109e+00, 0.000000000000000000e+00, 0.000000000000000000e+00, 0.000000000000000000e+00
1.026998329162597656e+01, 0.000000000000000000e+00, 4.570086479187011719e+00, 0.000000000000000000e+00, 0.000000000000000000e+00, 0.000000000000000000e+00, 7.391405582427978516e+00, 0.000000000000000000e+00, 0.000000000000000000e+00, 1.452120304107666016e+01, 0.000000000000000000e+00, 0.000000000000000000e+00, 0.000000000000000000e+00, 0.000000000000000000e+00, 0.000000000000000000e+00, 0.000000000000000000e+00, 8.795931816101074219e+00, 0.000000000000000000e+00, 0.000000000000000000e+00, 0.000000000000000000e+00
7.607100963592529297e+00, 0.000000000000000000e+00, 4.522970199584960938e+00, 0.000000000000000000e+00, 0.000000000000000000e+00, 0.000000000000000000e+00, 6.816569328308105469e+00, 0.000000000000000000e+00, 0.000000000000000000e+00, 1.182372570037841797e+01, 0.000000000000000000e+00, 0.000000000000000000e+00, 0.000000000000000000e+00, 0.000000000000000000e+00, 0.000000000000000000e+00, 0.000000000000000000e+00, 5.399095058441162109e+00, 0.000000000000000000e+00, 0.000000000000000000e+00, 0.000000000000000000e+00
1.154025840759277344e+01, 0.000000000000000000e+00, 1.177841663360595703e+01, 0.000000000000000000e+00, 0.000000000000000000e+00, 1.202177333831787109e+01, 7.608552932739257812e+00, 0.000000000000000000e+00, 0.000000000000000000e+00, 5.614318847656250000e+00, 0.000000000000000000e+00, 0.000000000000000000e+00, 0.000000000000000000e+00, 0.000000000000000000e+00, 0.000000000000000000e+00, 0.000000000000000000e+00, 9.934134483337402344e+00, 0.000000000000000000e+00, 0.000000000000000000e+00, 0.000000000000000000e+00
1.133655261993408203e+01, 0.000000000000000000e+00, 8.848273277282714844e+00, 0.000000000000000000e+00, 0.000000000000000000e+00, 1.247094440460205078e+01, 8.989415168762207031e+00, 0.000000000000000000e+00, 0.000000000000000000e+00, 2.862803459167480469e+00, 0.000000000000000000e+00, 0.000000000000000000e+00, 0.000000000000000000e+00, 0.000000000000000000e+00, 0.000000000000000000e+00, 0.000000000000000000e+00, 8.755194664001464844e+00, 0.000000000000000000e+00, 0.000000000000000000e+00, 0.000000000000000000e+00
6.828832626342773438e+00, 0.000000000000000000e+00, 9.271944046020507812e+00, 0.000000000000000000e+00, 0.000000000000000000e+00, 4.299906253814697266e+00, 6.578116893768310547e+00, 0.000000000000000000e+00, 0.000000000000000000e+00, 9.949255943298339844e+00, 0.000000000000000000e+00, 0.000000000000000000e+00, 0.000000000000000000e+00, 0.000000000000000000e+00, 0.000000000000000000e+00, 0.000000000000000000e+00, 7.728503704071044922e+00, 0.000000000000000000e+00, 0.000000000000000000e+00, 0.000000000000000000e+00
1.518102645874023438e+01, 0.000000000000000000e+00, 9.950098037719726562e+00, 0.000000000000000000e+00, 0.000000000000000000e+00, 1.053076648712158203e+01, 1.079208850860595703e+01, 0.000000000000000000e+00, 0.000000000000000000e+00, 0.000000000000000000e+00, 0.000000000000000000e+00, 0.000000000000000000e+00, 0.000000000000000000e+00, 0.000000000000000000e+00, 0.000000000000000000e+00, 0.000000000000000000e+00, 1.029331684112548828e+01, 0.000000000000000000e+00, 0.000000000000000000e+00, 0.000000000000000000e+00
9.904865264892578125e+00, 0.000000000000000000e+00, 1.013198947906494141e+01, 0.000000000000000000e+00, 0.000000000000000000e+00, 7.593966484069824219e+00, 6.175521373748779297e+00, 0.000000000000000000e+00, 0.000000000000000000e+00, 5.549934387207031250e+00, 0.000000000000000000e+00, 0.000000000000000000e+00, 0.000000000000000000e+00, 0.000000000000000000e+00, 0.000000000000000000e+00, 0.000000000000000000e+00, 6.515844821929931641e+00, 0.000000000000000000e+00, 0.000000000000000000e+00, 0.000000000000000000e+00
1.253820037841796875e+01, 0.000000000000000000e+00, 1.579901981353759766e+01, 0.000000000000000000e+00, 0.000000000000000000e+00, 1.270654582977294922e+01, 0.000000000000000000e+00, 0.000000000000000000e+00, 0.000000000000000000e+00, 8.246336936950683594e+00, 0.000000000000000000e+00, 0.000000000000000000e+00, 0.000000000000000000e+00, 0.000000000000000000e+00, 0.000000000000000000e+00, 0.000000000000000000e+00, 2.377712249755859375e+00, 0.000000000000000000e+00, 0.000000000000000000e+00, 0.000000000000000000e+00
1.704734420776367188e+01, 0.000000000000000000e+00, 5.725793361663818359e+00, 0.000000000000000000e+00, 0.000000000000000000e+00, 1.584565258026123047e+01, 5.887146472930908203e+00, 0.000000000000000000e+00, 0.000000000000000000e+00, 5.164952278137207031e+00, 0.000000000000000000e+00, 0.000000000000000000e+00, 0.000000000000000000e+00, 0.000000000000000000e+00, 0.000000000000000000e+00, 0.000000000000000000e+00, 7.547032833099365234e+00, 0.000000000000000000e+00, 0.000000000000000000e+00, 0.000000000000000000e+00
2.232538986206054688e+01, 0.000000000000000000e+00, 1.000551891326904297e+01, 0.000000000000000000e+00, 0.000000000000000000e+00, 1.433810997009277344e+01, 0.000000000000000000e+00, 0.000000000000000000e+00, 0.000000000000000000e+00, 1.164713096618652344e+01, 0.000000000000000000e+00, 0.000000000000000000e+00, 0.000000000000000000e+00, 0.000000000000000000e+00, 0.000000000000000000e+00, 0.000000000000000000e+00, 9.566733837127685547e-01, 0.000000000000000000e+00, 0.000000000000000000e+00, 0.000000000000000000e+00
1.750489425659179688e+01, 0.000000000000000000e+00, 1.361611270904541016e+01, 0.000000000000000000e+00, 0.000000000000000000e+00, 1.203486347198486328e+01, 0.000000000000000000e+00, 0.000000000000000000e+00, 0.000000000000000000e+00, 1.035043048858642578e+01, 0.000000000000000000e+00, 0.000000000000000000e+00, 0.000000000000000000e+00, 0.000000000000000000e+00, 0.000000000000000000e+00, 0.000000000000000000e+00, 1.449108600616455078e+00, 0.000000000000000000e+00, 0.000000000000000000e+00, 0.000000000000000000e+00
1.224849700927734375e+01, 0.000000000000000000e+00, 3.280199527740478516e+00, 0.000000000000000000e+00, 0.000000000000000000e+00, 1.224770545959472656e+01, 1.405323147773742676e+00, 0.000000000000000000e+00, 0.000000000000000000e+00, 1.182911777496337891e+01, 0.000000000000000000e+00, 0.000000000000000000e+00, 0.000000000000000000e+00, 0.000000000000000000e+00, 0.000000000000000000e+00, 0.000000000000000000e+00, 1.528607845306396484e+00, 0.000000000000000000e+00, 0.000000000000000000e+00, 0.000000000000000000e+00
2.722828626632690430e+00, 0.000000000000000000e+00, 3.799783325195312500e+01, 0.000000000000000000e+00, 0.000000000000000000e+00, 1.432370758056640625e+01, 0.000000000000000000e+00, 0.000000000000000000e+00, 0.000000000000000000e+00, 4.012992477416992188e+01, 0.000000000000000000e+00, 0.000000000000000000e+00, 0.000000000000000000e+00, 0.000000000000000000e+00, 0.000000000000000000e+00, 0.000000000000000000e+00, 1.001601886749267578e+01, 0.000000000000000000e+00, 0.000000000000000000e+00, 0.000000000000000000e+00
2.640045166015625000e+01, 0.000000000000000000e+00, 1.934825515747070312e+01, 0.000000000000000000e+00, 0.000000000000000000e+00, 0.000000000000000000e+00, 6.202706813812255859e+00, 0.000000000000000000e+00, 0.000000000000000000e+00, 2.401668357849121094e+01, 0.000000000000000000e+00, 0.000000000000000000e+00, 0.000000000000000000e+00, 0.000000000000000000e+00, 0.000000000000000000e+00, 0.000000000000000000e+00, 1.254752063751220703e+01, 0.000000000000000000e+00, 0.000000000000000000e+00, 0.000000000000000000e+00
1.058379459381103516e+01, 0.000000000000000000e+00, 1.727742576599121094e+01, 0.000000000000000000e+00, 0.000000000000000000e+00, 1.533965778350830078e+01, 0.000000000000000000e+00, 0.000000000000000000e+00, 0.000000000000000000e+00, 2.472406959533691406e+01, 0.000000000000000000e+00, 0.000000000000000000e+00, 0.000000000000000000e+00, 0.000000000000000000e+00, 0.000000000000000000e+00, 0.000000000000000000e+00, 9.169631958007812500e+00, 0.000000000000000000e+00, 0.000000000000000000e+00, 0.000000000000000000e+00
1.303193664550781250e+01, 0.000000000000000000e+00, 1.739446640014648438e+01, 0.000000000000000000e+00, 0.000000000000000000e+00, 4.997545719146728516e+00, 6.490516662597656250e+00, 0.000000000000000000e+00, 0.000000000000000000e+00, 1.614280509948730469e+01, 0.000000000000000000e+00, 0.000000000000000000e+00, 0.000000000000000000e+00, 0.000000000000000000e+00, 0.000000000000000000e+00, 0.000000000000000000e+00, 1.394207477569580078e+01, 0.000000000000000000e+00, 0.000000000000000000e+00, 0.000000000000000000e+00
2.811083793640136719e+01, 0.000000000000000000e+00, 9.240386009216308594e+00, 0.000000000000000000e+00, 0.000000000000000000e+00, 0.000000000000000000e+00, 1.118221950531005859e+01, 0.000000000000000000e+00, 0.000000000000000000e+00, 1.901023292541503906e+01, 0.000000000000000000e+00, 0.000000000000000000e+00, 0.000000000000000000e+00, 0.000000000000000000e+00, 0.000000000000000000e+00, 0.000000000000000000e+00, 1.475493526458740234e+01, 0.000000000000000000e+00, 0.000000000000000000e+00, 0.000000000000000000e+00
6.024214744567871094e+00, 0.000000000000000000e+00, 1.345171833038330078e+01, 0.000000000000000000e+00, 0.000000000000000000e+00, 9.803808212280273438e+00, 2.323528528213500977e+00, 0.000000000000000000e+00, 0.000000000000000000e+00, 9.262304306030273438e+00, 0.000000000000000000e+00, 0.000000000000000000e+00, 0.000000000000000000e+00, 0.000000000000000000e+00, 0.000000000000000000e+00, 0.000000000000000000e+00, 3.668875455856323242e+00, 0.000000000000000000e+00, 0.000000000000000000e+00, 0.000000000000000000e+00
1.888432312011718750e+01, 0.000000000000000000e+00, 1.576452732086181641e+01, 0.000000000000000000e+00, 0.000000000000000000e+00, 7.861691474914550781e+00, 5.534345626831054688e+00, 0.000000000000000000e+00, 0.000000000000000000e+00, 0.000000000000000000e+00, 0.000000000000000000e+00, 0.000000000000000000e+00, 0.000000000000000000e+00, 0.000000000000000000e+00, 0.000000000000000000e+00, 0.000000000000000000e+00, 5.759489059448242188e+00, 0.000000000000000000e+00, 0.000000000000000000e+00, 0.000000000000000000e+00
5.942113876342773438e+00, 0.000000000000000000e+00, 7.823945999145507812e+00, 0.000000000000000000e+00, 0.000000000000000000e+00, 7.715655326843261719e+00, 5.100770473480224609e+00, 0.000000000000000000e+00, 0.000000000000000000e+00, 9.309969902038574219e+00, 0.000000000000000000e+00, 0.000000000000000000e+00, 0.000000000000000000e+00, 0.000000000000000000e+00, 0.000000000000000000e+00, 0.000000000000000000e+00, 2.919717073440551758e+00, 0.000000000000000000e+00, 0.000000000000000000e+00, 0.000000000000000000e+00
1.431490516662597656e+01, 0.000000000000000000e+00, 1.123782444000244141e+01, 0.000000000000000000e+00, 0.000000000000000000e+00, 4.543172359466552734e+00, 3.717563629150390625e+00, 0.000000000000000000e+00, 0.000000000000000000e+00, 7.055976390838623047e+00, 0.000000000000000000e+00, 0.000000000000000000e+00, 0.000000000000000000e+00, 0.000000000000000000e+00, 0.000000000000000000e+00, 0.000000000000000000e+00, 4.384203433990478516e+00, 0.000000000000000000e+00, 0.000000000000000000e+00, 0.000000000000000000e+00
1.511421394348144531e+01, 0.000000000000000000e+00, 1.094574165344238281e+01, 0.000000000000000000e+00, 0.000000000000000000e+00, 1.447598266601562500e+01, 0.000000000000000000e+00, 0.000000000000000000e+00, 0.000000000000000000e+00, 7.095894813537597656e+00, 0.000000000000000000e+00, 0.000000000000000000e+00, 0.000000000000000000e+00, 0.000000000000000000e+00, 0.000000000000000000e+00, 0.000000000000000000e+00, 1.636645555496215820e+00, 0.000000000000000000e+00, 0.000000000000000000e+00, 0.000000000000000000e+00
1.337909126281738281e+01, 0.000000000000000000e+00, 5.494217872619628906e+00, 0.000000000000000000e+00, 0.000000000000000000e+00, 0.000000000000000000e+00, 9.374139785766601562e+00, 0.000000000000000000e+00, 0.000000000000000000e+00, 1.323112583160400391e+01, 0.000000000000000000e+00, 0.000000000000000000e+00, 0.000000000000000000e+00, 0.000000000000000000e+00, 0.000000000000000000e+00, 0.000000000000000000e+00, 8.163928985595703125e+00, 0.000000000000000000e+00, 0.000000000000000000e+00, 0.000000000000000000e+00
2.565755844116210938e+01, 0.000000000000000000e+00, 0.000000000000000000e+00, 0.000000000000000000e+00, 0.000000000000000000e+00, 0.000000000000000000e+00, 1.336081790924072266e+01, 0.000000000000000000e+00, 0.000000000000000000e+00, 2.119148254394531250e+01, 0.000000000000000000e+00, 0.000000000000000000e+00, 0.000000000000000000e+00, 0.000000000000000000e+00, 0.000000000000000000e+00, 0.000000000000000000e+00, 1.066071987152099609e+01, 0.000000000000000000e+00, 0.000000000000000000e+00, 0.000000000000000000e+00
1.613001441955566406e+01, 0.000000000000000000e+00, 2.610730886459350586e+00, 0.000000000000000000e+00, 0.000000000000000000e+00, 0.000000000000000000e+00, 1.166693878173828125e+01, 0.000000000000000000e+00, 0.000000000000000000e+00, 1.603085517883300781e+01, 0.000000000000000000e+00, 0.000000000000000000e+00, 0.000000000000000000e+00, 0.000000000000000000e+00, 0.000000000000000000e+00, 0.000000000000000000e+00, 8.185480117797851562e+00, 0.000000000000000000e+00, 0.000000000000000000e+00, 0.000000000000000000e+00
1.735016632080078125e+01, 0.000000000000000000e+00, 3.289551734924316406e+00, 0.000000000000000000e+00, 0.000000000000000000e+00, 0.000000000000000000e+00, 6.404588699340820312e+00, 0.000000000000000000e+00, 0.000000000000000000e+00, 2.515227317810058594e+01, 0.000000000000000000e+00, 0.000000000000000000e+00, 0.000000000000000000e+00, 0.000000000000000000e+00, 0.000000000000000000e+00, 0.000000000000000000e+00, 8.597702980041503906e+00, 0.000000000000000000e+00, 0.000000000000000000e+00, 0.000000000000000000e+00
1.494770622253417969e+01, 0.000000000000000000e+00, 0.000000000000000000e+00, 0.000000000000000000e+00, 0.000000000000000000e+00, 0.000000000000000000e+00, 8.151588439941406250e+00, 0.000000000000000000e+00, 0.000000000000000000e+00, 1.398728752136230469e+01, 0.000000000000000000e+00, 0.000000000000000000e+00, 0.000000000000000000e+00, 0.000000000000000000e+00, 0.000000000000000000e+00, 0.000000000000000000e+00, 9.847002983093261719e+00, 0.000000000000000000e+00, 0.000000000000000000e+00, 0.000000000000000000e+00
1.327803611755371094e+01, 0.000000000000000000e+00, 9.855875015258789062e+00, 0.000000000000000000e+00, 0.000000000000000000e+00, 3.676982641220092773e+00, 5.207660675048828125e+00, 0.000000000000000000e+00, 0.000000000000000000e+00, 0.000000000000000000e+00, 0.000000000000000000e+00, 0.000000000000000000e+00, 0.000000000000000000e+00, 0.000000000000000000e+00, 0.000000000000000000e+00, 0.000000000000000000e+00, 8.464269638061523438e+00, 0.000000000000000000e+00, 0.000000000000000000e+00, 0.000000000000000000e+00
1.504078865051269531e+01, 0.000000000000000000e+00, 5.654194831848144531e+00, 0.000000000000000000e+00, 0.000000000000000000e+00, 8.292118072509765625e+00, 8.876964569091796875e+00, 0.000000000000000000e+00, 0.000000000000000000e+00, 8.540542721748352051e-01, 0.000000000000000000e+00, 0.000000000000000000e+00, 0.000000000000000000e+00, 0.000000000000000000e+00, 0.000000000000000000e+00, 0.000000000000000000e+00, 1.236593818664550781e+01, 0.000000000000000000e+00, 0.000000000000000000e+00, 0.000000000000000000e+00
2.064085388183593750e+01, 0.000000000000000000e+00, 6.404597282409667969e+00, 0.000000000000000000e+00, 0.000000000000000000e+00, 1.298040866851806641e+01, 1.156234645843505859e+01, 0.000000000000000000e+00, 0.000000000000000000e+00, 0.000000000000000000e+00, 0.000000000000000000e+00, 0.000000000000000000e+00, 0.000000000000000000e+00, 0.000000000000000000e+00, 0.000000000000000000e+00, 0.000000000000000000e+00, 1.092909526824951172e+01, 0.000000000000000000e+00, 0.000000000000000000e+00, 0.000000000000000000e+00
1.649244117736816406e+01, 0.000000000000000000e+00, 1.000388813018798828e+01, 0.000000000000000000e+00, 0.000000000000000000e+00, 5.814060211181640625e+00, 7.995002746582031250e+00, 0.000000000000000000e+00, 0.000000000000000000e+00, 0.000000000000000000e+00, 0.000000000000000000e+00, 0.000000000000000000e+00, 0.000000000000000000e+00, 0.000000000000000000e+00, 0.000000000000000000e+00, 0.000000000000000000e+00, 1.204815864562988281e+01, 0.000000000000000000e+00, 0.000000000000000000e+00, 0.000000000000000000e+00
1.279846382141113281e+01, 0.000000000000000000e+00, 8.310553550720214844e+00, 0.000000000000000000e+00, 0.000000000000000000e+00, 3.829761743545532227e+00, 5.933714866638183594e+00, 0.000000000000000000e+00, 0.000000000000000000e+00, 0.000000000000000000e+00, 0.000000000000000000e+00, 0.000000000000000000e+00, 0.000000000000000000e+00, 0.000000000000000000e+00, 0.000000000000000000e+00, 0.000000000000000000e+00, 8.519843101501464844e+00, 0.000000000000000000e+00, 0.000000000000000000e+00, 0.000000000000000000e+00
7.183204650878906250e+00, 0.000000000000000000e+00, 1.447932243347167969e+00, 0.000000000000000000e+00, 0.000000000000000000e+00, 1.601608657836914062e+01, 5.732113838195800781e+00, 0.000000000000000000e+00, 0.000000000000000000e+00, 1.316382598876953125e+01, 0.000000000000000000e+00, 0.000000000000000000e+00, 0.000000000000000000e+00, 0.000000000000000000e+00, 0.000000000000000000e+00, 0.000000000000000000e+00, 1.636517882347106934e+00, 0.000000000000000000e+00, 0.000000000000000000e+00, 0.000000000000000000e+00
6.615672588348388672e+00, 0.000000000000000000e+00, 8.290556907653808594e+00, 0.000000000000000000e+00, 0.000000000000000000e+00, 9.978497505187988281e+00, 5.959415435791015625e+00, 0.000000000000000000e+00, 0.000000000000000000e+00, 8.864850044250488281e+00, 0.000000000000000000e+00, 0.000000000000000000e+00, 0.000000000000000000e+00, 0.000000000000000000e+00, 0.000000000000000000e+00, 0.000000000000000000e+00, 7.101086139678955078e+00, 0.000000000000000000e+00, 0.000000000000000000e+00, 0.000000000000000000e+00
1.101988983154296875e+01, 0.000000000000000000e+00, 4.066094875335693359e+00, 0.000000000000000000e+00, 0.000000000000000000e+00, 1.338208293914794922e+01, 2.704270839691162109e+00, 0.000000000000000000e+00, 0.000000000000000000e+00, 1.058843326568603516e+01, 0.000000000000000000e+00, 0.000000000000000000e+00, 0.000000000000000000e+00, 0.000000000000000000e+00, 0.000000000000000000e+00, 0.000000000000000000e+00, 5.014132976531982422e+00, 0.000000000000000000e+00, 0.000000000000000000e+00, 0.000000000000000000e+00
4.954742431640625000e+00, 0.000000000000000000e+00, 6.350910067558288574e-01, 0.000000000000000000e+00, 0.000000000000000000e+00, 1.406647014617919922e+01, 8.362305641174316406e+00, 0.000000000000000000e+00, 0.000000000000000000e+00, 1.295564746856689453e+01, 0.000000000000000000e+00, 0.000000000000000000e+00, 0.000000000000000000e+00, 0.000000000000000000e+00, 0.000000000000000000e+00, 0.000000000000000000e+00, 7.922087192535400391e+00, 0.000000000000000000e+00, 0.000000000000000000e+00, 0.000000000000000000e+00
1.086957168579101562e+01, 0.000000000000000000e+00, 3.620315790176391602e+00, 0.000000000000000000e+00, 0.000000000000000000e+00, 1.373347377777099609e+01, 2.328069686889648438e+00, 0.000000000000000000e+00, 0.000000000000000000e+00, 1.377007961273193359e+01, 0.000000000000000000e+00, 0.000000000000000000e+00, 0.000000000000000000e+00, 0.000000000000000000e+00, 0.000000000000000000e+00, 0.000000000000000000e+00, 6.030449390411376953e+00, 0.000000000000000000e+00, 0.000000000000000000e+00, 0.000000000000000000e+00
4.235253334045410156e+00, 0.000000000000000000e+00, 3.030982589721679688e+01, 0.000000000000000000e+00, 0.000000000000000000e+00, 1.099685859680175781e+01, 0.000000000000000000e+00, 0.000000000000000000e+00, 0.000000000000000000e+00, 3.739074325561523438e+01, 0.000000000000000000e+00, 0.000000000000000000e+00, 0.000000000000000000e+00, 0.000000000000000000e+00, 0.000000000000000000e+00, 0.000000000000000000e+00, 1.035523891448974609e+01, 0.000000000000000000e+00, 0.000000000000000000e+00, 0.000000000000000000e+00
1.420534515380859375e+01, 0.000000000000000000e+00, 1.880994415283203125e+01, 0.000000000000000000e+00, 0.000000000000000000e+00, 1.254653263092041016e+01, 2.356672763824462891e+00, 0.000000000000000000e+00, 0.000000000000000000e+00, 3.540147781372070312e+01, 0.000000000000000000e+00, 0.000000000000000000e+00, 0.000000000000000000e+00, 0.000000000000000000e+00, 0.000000000000000000e+00, 0.000000000000000000e+00, 2.059086799621582031e+00, 0.000000000000000000e+00, 0.000000000000000000e+00, 0.000000000000000000e+00
1.711066818237304688e+01, 0.000000000000000000e+00, 8.302559852600097656e-01, 0.000000000000000000e+00, 0.000000000000000000e+00, 0.000000000000000000e+00, 1.533944034576416016e+01, 0.000000000000000000e+00, 0.000000000000000000e+00, 1.399273395538330078e+01, 0.000000000000000000e+00, 0.000000000000000000e+00, 0.000000000000000000e+00, 0.000000000000000000e+00, 0.000000000000000000e+00, 0.000000000000000000e+00, 1.065674209594726562e+01, 0.000000000000000000e+00, 0.000000000000000000e+00, 0.000000000000000000e+00
1.397607231140136719e+01, 0.000000000000000000e+00, 2.135811042785644531e+01, 0.000000000000000000e+00, 0.000000000000000000e+00, 5.797147750854492188e+00, 4.953813076019287109e+00, 0.000000000000000000e+00, 0.000000000000000000e+00, 1.317809200286865234e+01, 0.000000000000000000e+00, 0.000000000000000000e+00, 0.000000000000000000e+00, 0.000000000000000000e+00, 0.000000000000000000e+00, 0.000000000000000000e+00, 6.338261127471923828e+00, 0.000000000000000000e+00, 0.000000000000000000e+00, 0.000000000000000000e+00
1.581998252868652344e+01, 0.000000000000000000e+00, 2.364770126342773438e+01, 0.000000000000000000e+00, 0.000000000000000000e+00, 3.049517154693603516e+00, 6.122529983520507812e+00, 0.000000000000000000e+00, 0.000000000000000000e+00, 2.010228919982910156e+01, 0.000000000000000000e+00, 0.000000000000000000e+00, 0.000000000000000000e+00, 0.000000000000000000e+00, 0.000000000000000000e+00, 0.000000000000000000e+00, 1.085791587829589844e+01, 0.000000000000000000e+00, 0.000000000000000000e+00, 0.000000000000000000e+00
1.905416679382324219e+01, 0.000000000000000000e+00, 3.547844314575195312e+01, 0.000000000000000000e+00, 0.000000000000000000e+00, 4.273719310760498047e+00, 0.000000000000000000e+00, 0.000000000000000000e+00, 0.000000000000000000e+00, 4.057447433471679688e+01, 0.000000000000000000e+00, 0.000000000000000000e+00, 0.000000000000000000e+00, 0.000000000000000000e+00, 0.000000000000000000e+00, 0.000000000000000000e+00, 1.238069629669189453e+01, 0.000000000000000000e+00, 0.000000000000000000e+00, 0.000000000000000000e+00
4.203688812255859375e+01, 0.000000000000000000e+00, 1.444254875183105469e+01, 0.000000000000000000e+00, 0.000000000000000000e+00, 0.000000000000000000e+00, 1.336477756500244141e+01, 0.000000000000000000e+00, 0.000000000000000000e+00, 4.700956344604492188e+01, 0.000000000000000000e+00, 0.000000000000000000e+00, 0.000000000000000000e+00, 0.000000000000000000e+00, 0.000000000000000000e+00, 0.000000000000000000e+00, 2.974636077880859375e+01, 0.000000000000000000e+00, 0.000000000000000000e+00, 0.000000000000000000e+00
1.039136123657226562e+01, 0.000000000000000000e+00, 2.309939956665039062e+01, 0.000000000000000000e+00, 0.000000000000000000e+00, 4.221750259399414062e+00, 3.956863164901733398e+00, 0.000000000000000000e+00, 0.000000000000000000e+00, 3.299734878540039062e+01, 0.000000000000000000e+00, 0.000000000000000000e+00, 0.000000000000000000e+00, 0.000000000000000000e+00, 0.000000000000000000e+00, 0.000000000000000000e+00, 1.123754787445068359e+01, 0.000000000000000000e+00, 0.000000000000000000e+00, 0.000000000000000000e+00
4.945257186889648438e+01, 0.000000000000000000e+00, 0.000000000000000000e+00, 0.000000000000000000e+00, 0.000000000000000000e+00, 0.000000000000000000e+00, 1.868887519836425781e+01, 0.000000000000000000e+00, 0.000000000000000000e+00, 3.560511779785156250e+01, 0.000000000000000000e+00, 0.000000000000000000e+00, 0.000000000000000000e+00, 0.000000000000000000e+00, 0.000000000000000000e+00, 0.000000000000000000e+00, 2.137830543518066406e+01, 0.000000000000000000e+00, 0.000000000000000000e+00, 0.000000000000000000e+00
4.765283966064453125e+01, 0.000000000000000000e+00, 2.355928802490234375e+01, 0.000000000000000000e+00, 0.000000000000000000e+00, 0.000000000000000000e+00, 1.051310253143310547e+01, 0.000000000000000000e+00, 0.000000000000000000e+00, 2.351613807678222656e+01, 0.000000000000000000e+00, 0.000000000000000000e+00, 0.000000000000000000e+00, 0.000000000000000000e+00, 0.000000000000000000e+00, 0.000000000000000000e+00, 1.843651962280273438e+01, 0.000000000000000000e+00, 0.000000000000000000e+00, 0.000000000000000000e+00
2.889883995056152344e+01, 0.000000000000000000e+00, 8.279336929321289062e+00, 0.000000000000000000e+00, 0.000000000000000000e+00, 0.000000000000000000e+00, 2.112423515319824219e+01, 0.000000000000000000e+00, 0.000000000000000000e+00, 3.663784408569335938e+01, 0.000000000000000000e+00, 0.000000000000000000e+00, 0.000000000000000000e+00, 0.000000000000000000e+00, 0.000000000000000000e+00, 0.000000000000000000e+00, 2.350391769409179688e+01, 0.000000000000000000e+00, 0.000000000000000000e+00, 0.000000000000000000e+00
3.497220230102539062e+01, 0.000000000000000000e+00, 1.664862060546875000e+01, 0.000000000000000000e+00, 0.000000000000000000e+00, 0.000000000000000000e+00, 1.272104167938232422e+01, 0.000000000000000000e+00, 0.000000000000000000e+00, 2.859428977966308594e+01, 0.000000000000000000e+00, 0.000000000000000000e+00, 0.000000000000000000e+00, 0.000000000000000000e+00, 0.000000000000000000e+00, 0.000000000000000000e+00, 2.504265213012695312e+01, 0.000000000000000000e+00, 0.000000000000000000e+00, 0.000000000000000000e+00
4.075319671630859375e+01, 0.000000000000000000e+00, 1.248906612396240234e+01, 0.000000000000000000e+00, 0.000000000000000000e+00, 0.000000000000000000e+00, 1.034009361267089844e+01, 0.000000000000000000e+00, 0.000000000000000000e+00, 3.282382583618164062e+01, 0.000000000000000000e+00, 0.000000000000000000e+00, 0.000000000000000000e+00, 0.000000000000000000e+00, 0.000000000000000000e+00, 0.000000000000000000e+00, 1.757220268249511719e+01, 0.000000000000000000e+00, 0.000000000000000000e+00, 0.000000000000000000e+00
2.725779342651367188e+01, 0.000000000000000000e+00, 2.104287338256835938e+01, 0.000000000000000000e+00, 0.000000000000000000e+00, 0.000000000000000000e+00, 6.220040321350097656e+00, 0.000000000000000000e+00, 0.000000000000000000e+00, 2.253233909606933594e+01, 0.000000000000000000e+00, 0.000000000000000000e+00, 0.000000000000000000e+00, 0.000000000000000000e+00, 0.000000000000000000e+00, 0.000000000000000000e+00, 1.731015014648437500e+01, 0.000000000000000000e+00, 0.000000000000000000e+00, 0.000000000000000000e+00
3.283541488647460938e+01, 0.000000000000000000e+00, 2.949440717697143555e+00, 0.000000000000000000e+00, 0.000000000000000000e+00, 0.000000000000000000e+00, 1.554041385650634766e+01, 0.000000000000000000e+00, 0.000000000000000000e+00, 3.874021911621093750e+01, 0.000000000000000000e+00, 0.000000000000000000e+00, 0.000000000000000000e+00, 0.000000000000000000e+00, 0.000000000000000000e+00, 0.000000000000000000e+00, 2.406989288330078125e+01, 0.000000000000000000e+00, 0.000000000000000000e+00, 0.000000000000000000e+00
2.260864639282226562e+01, 0.000000000000000000e+00, 1.452975559234619141e+01, 0.000000000000000000e+00, 0.000000000000000000e+00, 1.577219772338867188e+01, 9.633611679077148438e+00, 0.000000000000000000e+00, 0.000000000000000000e+00, 0.000000000000000000e+00, 0.000000000000000000e+00, 0.000000000000000000e+00, 0.000000000000000000e+00, 0.000000000000000000e+00, 0.000000000000000000e+00, 0.000000000000000000e+00, 2.938077688217163086e+00, 0.000000000000000000e+00, 0.000000000000000000e+00, 0.000000000000000000e+00
1.593071556091308594e+01, 0.000000000000000000e+00, 1.214151096343994141e+01, 0.000000000000000000e+00, 0.000000000000000000e+00, 1.842395591735839844e+01, 6.651777267456054688e+00, 0.000000000000000000e+00, 0.000000000000000000e+00, 4.595960140228271484e+00, 0.000000000000000000e+00, 0.000000000000000000e+00, 0.000000000000000000e+00, 0.000000000000000000e+00, 0.000000000000000000e+00, 0.000000000000000000e+00, 8.341784477233886719e+00, 0.000000000000000000e+00, 0.000000000000000000e+00, 0.000000000000000000e+00
2.097363471984863281e+01, 0.000000000000000000e+00, 1.029976177215576172e+01, 0.000000000000000000e+00, 0.000000000000000000e+00, 1.994430923461914062e+01, 8.740253448486328125e+00, 0.000000000000000000e+00, 0.000000000000000000e+00, 1.332519054412841797e+00, 0.000000000000000000e+00, 0.000000000000000000e+00, 0.000000000000000000e+00, 0.000000000000000000e+00, 0.000000000000000000e+00, 0.000000000000000000e+00, 6.579607486724853516e+00, 0.000000000000000000e+00, 0.000000000000000000e+00, 0.000000000000000000e+00
1.736185455322265625e+01, 0.000000000000000000e+00, 8.909070014953613281e+00, 0.000000000000000000e+00, 0.000000000000000000e+00, 2.354097366333007812e+01, 8.680573463439941406e+00, 0.000000000000000000e+00, 0.000000000000000000e+00, 4.872027397155761719e+00, 0.000000000000000000e+00, 0.000000000000000000e+00, 0.000000000000000000e+00, 0.000000000000000000e+00, 0.000000000000000000e+00, 0.000000000000000000e+00, 5.860517024993896484e+00, 0.000000000000000000e+00, 0.000000000000000000e+00, 0.000000000000000000e+00
9.410676956176757812e+00, 0.000000000000000000e+00, 1.879734420776367188e+01, 0.000000000000000000e+00, 0.000000000000000000e+00, 1.910897064208984375e+01, 7.593273162841796875e+00, 0.000000000000000000e+00, 0.000000000000000000e+00, 8.979542732238769531e+00, 0.000000000000000000e+00, 0.000000000000000000e+00, 0.000000000000000000e+00, 0.000000000000000000e+00, 0.000000000000000000e+00, 0.000000000000000000e+00, 7.973618030548095703e+00, 0.000000000000000000e+00, 0.000000000000000000e+00, 0.000000000000000000e+00
2.197918510437011719e+01, 0.000000000000000000e+00, 1.663278579711914062e+01, 0.000000000000000000e+00, 0.000000000000000000e+00, 3.152221298217773438e+01, 1.429082107543945312e+01, 0.000000000000000000e+00, 0.000000000000000000e+00, 3.648677349090576172e+00, 0.000000000000000000e+00, 0.000000000000000000e+00, 0.000000000000000000e+00, 0.000000000000000000e+00, 0.000000000000000000e+00, 0.000000000000000000e+00, 1.448124217987060547e+01, 0.000000000000000000e+00, 0.000000000000000000e+00, 0.000000000000000000e+00
2.121519470214843750e+01, 0.000000000000000000e+00, 4.429440498352050781e+00, 0.000000000000000000e+00, 0.000000000000000000e+00, 3.980789184570312500e+01, 1.114874172210693359e+01, 0.000000000000000000e+00, 0.000000000000000000e+00, 1.523809337615966797e+01, 0.000000000000000000e+00, 0.000000000000000000e+00, 0.000000000000000000e+00, 0.000000000000000000e+00, 0.000000000000000000e+00, 0.000000000000000000e+00, 1.499309444427490234e+01, 0.000000000000000000e+00, 0.000000000000000000e+00, 0.000000000000000000e+00
2.555730247497558594e+01, 0.000000000000000000e+00, 1.961001968383789062e+01, 0.000000000000000000e+00, 0.000000000000000000e+00, 2.845927810668945312e+01, 1.584158325195312500e+01, 0.000000000000000000e+00, 0.000000000000000000e+00, 0.000000000000000000e+00, 0.000000000000000000e+00, 0.000000000000000000e+00, 0.000000000000000000e+00, 0.000000000000000000e+00, 0.000000000000000000e+00, 0.000000000000000000e+00, 1.680318260192871094e+01, 0.000000000000000000e+00, 0.000000000000000000e+00, 0.000000000000000000e+00
2.475593185424804688e+01, 0.000000000000000000e+00, 2.825589370727539062e+01, 0.000000000000000000e+00, 0.000000000000000000e+00, 2.071700668334960938e+01, 4.650598526000976562e+00, 0.000000000000000000e+00, 0.000000000000000000e+00, 1.096919918060302734e+01, 0.000000000000000000e+00, 0.000000000000000000e+00, 0.000000000000000000e+00, 0.000000000000000000e+00, 0.000000000000000000e+00, 0.000000000000000000e+00, 1.463106441497802734e+01, 0.000000000000000000e+00, 0.000000000000000000e+00, 0.000000000000000000e+00
3.077501487731933594e+01, 0.000000000000000000e+00, 2.488459587097167969e+01, 0.000000000000000000e+00, 0.000000000000000000e+00, 3.096737098693847656e+01, 1.246526813507080078e+01, 0.000000000000000000e+00, 0.000000000000000000e+00, 4.563534736633300781e+00, 0.000000000000000000e+00, 0.000000000000000000e+00, 0.000000000000000000e+00, 0.000000000000000000e+00, 0.000000000000000000e+00, 0.000000000000000000e+00, 2.179173660278320312e+01, 0.000000000000000000e+00, 0.000000000000000000e+00, 0.000000000000000000e+00
5.429884433746337891e+00, 0.000000000000000000e+00, 1.424974918365478516e+01, 0.000000000000000000e+00, 0.000000000000000000e+00, 7.338359355926513672e+00, 5.901822090148925781e+00, 0.000000000000000000e+00, 0.000000000000000000e+00, 1.601900672912597656e+01, 0.000000000000000000e+00, 0.000000000000000000e+00, 0.000000000000000000e+00, 0.000000000000000000e+00, 0.000000000000000000e+00, 0.000000000000000000e+00, 2.186818122863769531e+00, 0.000000000000000000e+00, 0.000000000000000000e+00, 0.000000000000000000e+00
1.236918544769287109e+01, 0.000000000000000000e+00, 3.741806983947753906e+00, 0.000000000000000000e+00, 0.000000000000000000e+00, 9.681638479232788086e-01, 5.166650772094726562e+00, 0.000000000000000000e+00, 0.000000000000000000e+00, 1.885902214050292969e+01, 0.000000000000000000e+00, 0.000000000000000000e+00, 0.000000000000000000e+00, 0.000000000000000000e+00, 0.000000000000000000e+00, 0.000000000000000000e+00, 3.960287332534790039e+00, 0.000000000000000000e+00, 0.000000000000000000e+00, 0.000000000000000000e+00
4.683814048767089844e+00, 0.000000000000000000e+00, 2.126433610916137695e+00, 0.000000000000000000e+00, 0.000000000000000000e+00, 2.439723730087280273e+00, 7.735425949096679688e+00, 0.000000000000000000e+00, 0.000000000000000000e+00, 2.365797424316406250e+01, 0.000000000000000000e+00, 0.000000000000000000e+00, 0.000000000000000000e+00, 0.000000000000000000e+00, 0.000000000000000000e+00, 0.000000000000000000e+00, 6.069555759429931641e+00, 0.000000000000000000e+00, 0.000000000000000000e+00, 0.000000000000000000e+00
1.728874969482421875e+01, 0.000000000000000000e+00, 1.931577301025390625e+01, 0.000000000000000000e+00, 0.000000000000000000e+00, 1.434594035148620605e+00, 4.877147674560546875e+00, 0.000000000000000000e+00, 0.000000000000000000e+00, 2.498602867126464844e+01, 0.000000000000000000e+00, 0.000000000000000000e+00, 0.000000000000000000e+00, 0.000000000000000000e+00, 0.000000000000000000e+00, 0.000000000000000000e+00, 3.592351198196411133e+00, 0.000000000000000000e+00, 0.000000000000000000e+00, 0.000000000000000000e+00
2.282629013061523438e+01, 0.000000000000000000e+00, 1.168918132781982422e+01, 0.000000000000000000e+00, 0.000000000000000000e+00, 5.842210769653320312e+00, 0.000000000000000000e+00, 0.000000000000000000e+00, 0.000000000000000000e+00, 1.543007946014404297e+01, 0.000000000000000000e+00, 0.000000000000000000e+00, 0.000000000000000000e+00, 0.000000000000000000e+00, 0.000000000000000000e+00, 0.000000000000000000e+00, 4.422263622283935547e+00, 0.000000000000000000e+00, 0.000000000000000000e+00, 0.000000000000000000e+00
1.481777381896972656e+01, 0.000000000000000000e+00, 3.983182191848754883e+00, 0.000000000000000000e+00, 0.000000000000000000e+00, 1.364814567565917969e+01, 5.241939544677734375e+00, 0.000000000000000000e+00, 0.000000000000000000e+00, 7.234445571899414062e+00, 0.000000000000000000e+00, 0.000000000000000000e+00, 0.000000000000000000e+00, 0.000000000000000000e+00, 0.000000000000000000e+00, 0.000000000000000000e+00, 2.018000364303588867e+00, 0.000000000000000000e+00, 0.000000000000000000e+00, 0.000000000000000000e+00
0.000000000000000000e+00, 0.000000000000000000e+00, 1.379950714111328125e+01, 0.000000000000000000e+00, 0.000000000000000000e+00, 1.443493366241455078e+01, 3.996294498443603516e+00, 0.000000000000000000e+00, 0.000000000000000000e+00, 1.581202220916748047e+01, 0.000000000000000000e+00, 0.000000000000000000e+00, 0.000000000000000000e+00, 0.000000000000000000e+00, 0.000000000000000000e+00, 0.000000000000000000e+00, 0.000000000000000000e+00, 0.000000000000000000e+00, 0.000000000000000000e+00, 0.000000000000000000e+00
1.201869964599609375e+01, 0.000000000000000000e+00, 7.556274890899658203e+00, 0.000000000000000000e+00, 0.000000000000000000e+00, 1.243937587738037109e+01, 5.618748068809509277e-01, 0.000000000000000000e+00, 0.000000000000000000e+00, 7.093464374542236328e+00, 0.000000000000000000e+00, 0.000000000000000000e+00, 0.000000000000000000e+00, 0.000000000000000000e+00, 0.000000000000000000e+00, 0.000000000000000000e+00, 3.439818859100341797e+00, 0.000000000000000000e+00, 0.000000000000000000e+00, 0.000000000000000000e+00
8.130540847778320312e+00, 0.000000000000000000e+00, 3.380220890045166016e+00, 0.000000000000000000e+00, 0.000000000000000000e+00, 1.479233932495117188e+01, 3.840740442276000977e+00, 0.000000000000000000e+00, 0.000000000000000000e+00, 1.365799427032470703e+01, 0.000000000000000000e+00, 0.000000000000000000e+00, 0.000000000000000000e+00, 0.000000000000000000e+00, 0.000000000000000000e+00, 0.000000000000000000e+00, 2.909624576568603516e+00, 0.000000000000000000e+00, 0.000000000000000000e+00, 0.000000000000000000e+00
1.247656250000000000e+01, 0.000000000000000000e+00, 1.172057032585144043e+00, 0.000000000000000000e+00, 0.000000000000000000e+00, 1.503003311157226562e+01, 4.090180397033691406e+00, 0.000000000000000000e+00, 0.000000000000000000e+00, 1.627348518371582031e+01, 0.000000000000000000e+00, 0.000000000000000000e+00, 0.000000000000000000e+00, 0.000000000000000000e+00, 0.000000000000000000e+00, 0.000000000000000000e+00, 4.723231792449951172e+00, 0.000000000000000000e+00, 0.000000000000000000e+00, 0.000000000000000000e+00
2.387129402160644531e+01, 0.000000000000000000e+00, 2.521859359741210938e+01, 0.000000000000000000e+00, 0.000000000000000000e+00, 1.458308029174804688e+01, 0.000000000000000000e+00, 0.000000000000000000e+00, 0.000000000000000000e+00, 1.047963809967041016e+01, 0.000000000000000000e+00, 0.000000000000000000e+00, 0.000000000000000000e+00, 0.000000000000000000e+00, 0.000000000000000000e+00, 0.000000000000000000e+00, 2.793033719062805176e-01, 0.000000000000000000e+00, 0.000000000000000000e+00, 0.000000000000000000e+00
1.940690612792968750e+01, 0.000000000000000000e+00, 1.142966365814208984e+01, 0.000000000000000000e+00, 0.000000000000000000e+00, 1.332929134368896484e+01, 1.589965581893920898e+00, 0.000000000000000000e+00, 0.000000000000000000e+00, 2.402185201644897461e+00, 0.000000000000000000e+00, 0.000000000000000000e+00, 0.000000000000000000e+00, 0.000000000000000000e+00, 0.000000000000000000e+00, 0.000000000000000000e+00, 0.000000000000000000e+00, 0.000000000000000000e+00, 0.000000000000000000e+00, 0.000000000000000000e+00
2.247665977478027344e+01, 0.000000000000000000e+00, 2.312857246398925781e+01, 0.000000000000000000e+00, 0.000000000000000000e+00, 1.756311035156250000e+01, 0.000000000000000000e+00, 0.000000000000000000e+00, 0.000000000000000000e+00, 7.390836238861083984e+00, 0.000000000000000000e+00, 0.000000000000000000e+00, 0.000000000000000000e+00, 0.000000000000000000e+00, 0.000000000000000000e+00, 0.000000000000000000e+00, 0.000000000000000000e+00, 0.000000000000000000e+00, 0.000000000000000000e+00, 0.000000000000000000e+00
2.111437225341796875e+01, 0.000000000000000000e+00, 2.099324607849121094e+01, 0.000000000000000000e+00, 0.000000000000000000e+00, 1.380951309204101562e+01, 0.000000000000000000e+00, 0.000000000000000000e+00, 0.000000000000000000e+00, 1.085145092010498047e+01, 0.000000000000000000e+00, 0.000000000000000000e+00, 0.000000000000000000e+00, 0.000000000000000000e+00, 0.000000000000000000e+00, 0.000000000000000000e+00, 0.000000000000000000e+00, 0.000000000000000000e+00, 0.000000000000000000e+00, 0.000000000000000000e+00
1.562328624725341797e+01, 0.000000000000000000e+00, 2.574008560180664062e+01, 0.000000000000000000e+00, 0.000000000000000000e+00, 1.269350528717041016e+01, 0.000000000000000000e+00, 0.000000000000000000e+00, 0.000000000000000000e+00, 7.625885486602783203e+00, 0.000000000000000000e+00, 0.000000000000000000e+00, 0.000000000000000000e+00, 0.000000000000000000e+00, 0.000000000000000000e+00, 0.000000000000000000e+00, 0.000000000000000000e+00, 0.000000000000000000e+00, 0.000000000000000000e+00, 0.000000000000000000e+00
8.886990547180175781e-01, 0.000000000000000000e+00, 4.488226699829101562e+01, 0.000000000000000000e+00, 0.000000000000000000e+00, 3.695383071899414062e+01, 7.877419471740722656e+00, 0.000000000000000000e+00, 0.000000000000000000e+00, 8.944905281066894531e+00, 0.000000000000000000e+00, 0.000000000000000000e+00, 0.000000000000000000e+00, 0.000000000000000000e+00, 0.000000000000000000e+00, 0.000000000000000000e+00, 6.813930988311767578e+00, 0.000000000000000000e+00, 0.000000000000000000e+00, 0.000000000000000000e+00
1.212877750396728516e+01, 0.000000000000000000e+00, 2.139763069152832031e+01, 0.000000000000000000e+00, 0.000000000000000000e+00, 2.215545272827148438e+01, 1.494221687316894531e+01, 0.000000000000000000e+00, 0.000000000000000000e+00, 3.050699710845947266e+00, 0.000000000000000000e+00, 0.000000000000000000e+00, 0.000000000000000000e+00, 0.000000000000000000e+00, 0.000000000000000000e+00, 0.000000000000000000e+00, 1.520941257476806641e+01, 0.000000000000000000e+00, 0.000000000000000000e+00, 0.000000000000000000e+00
1.417139339447021484e+01, 0.000000000000000000e+00, 6.645162582397460938e+00, 0.000000000000000000e+00, 0.000000000000000000e+00, 2.809194946289062500e+01, 1.297284221649169922e+01, 0.000000000000000000e+00, 0.000000000000000000e+00, 5.573994636535644531e+00, 0.000000000000000000e+00, 0.000000000000000000e+00, 0.000000000000000000e+00, 0.000000000000000000e+00, 0.000000000000000000e+00, 0.000000000000000000e+00, 8.133645057678222656e+00, 0.000000000000000000e+00, 0.000000000000000000e+00, 0.000000000000000000e+00
0.000000000000000000e+00, 0.000000000000000000e+00, 1.024567699432373047e+01, 0.000000000000000000e+00, 0.000000000000000000e+00, 3.329878616333007812e+01, 2.109587860107421875e+01, 0.000000000000000000e+00, 0.000000000000000000e+00, 1.679223823547363281e+01, 0.000000000000000000e+00, 0.000000000000000000e+00, 0.000000000000000000e+00, 0.000000000000000000e+00, 0.000000000000000000e+00, 0.000000000000000000e+00, 1.062296009063720703e+01, 0.000000000000000000e+00, 0.000000000000000000e+00, 0.000000000000000000e+00
8.043078422546386719e+00, 0.000000000000000000e+00, 2.377099227905273438e+01, 0.000000000000000000e+00, 0.000000000000000000e+00, 3.000928878784179688e+01, 2.220762062072753906e+01, 0.000000000000000000e+00, 0.000000000000000000e+00, 1.308251142501831055e+00, 0.000000000000000000e+00, 0.000000000000000000e+00, 0.000000000000000000e+00, 0.000000000000000000e+00, 0.000000000000000000e+00, 0.000000000000000000e+00, 1.312008190155029297e+01, 0.000000000000000000e+00, 0.000000000000000000e+00, 0.000000000000000000e+00
2.612133026123046875e+01, 0.000000000000000000e+00, 8.445981979370117188e+00, 0.000000000000000000e+00, 0.000000000000000000e+00, 0.000000000000000000e+00, 9.999200820922851562e+00, 0.000000000000000000e+00, 0.000000000000000000e+00, 2.160302162170410156e+01, 0.000000000000000000e+00, 0.000000000000000000e+00, 0.000000000000000000e+00, 0.000000000000000000e+00, 0.000000000000000000e+00, 0.000000000000000000e+00, 1.828230094909667969e+01, 0.000000000000000000e+00, 0.000000000000000000e+00, 0.000000000000000000e+00
1.163610076904296875e+01, 0.000000000000000000e+00, 1.425125312805175781e+01, 0.000000000000000000e+00, 0.000000000000000000e+00, 3.244543790817260742e+00, 1.223639202117919922e+01, 0.000000000000000000e+00, 0.000000000000000000e+00, 2.016844367980957031e+01, 0.000000000000000000e+00, 0.000000000000000000e+00, 0.000000000000000000e+00, 0.000000000000000000e+00, 0.000000000000000000e+00, 0.000000000000000000e+00, 1.146596240997314453e+01, 0.000000000000000000e+00, 0.000000000000000000e+00, 0.000000000000000000e+00
2.650554466247558594e+01, 0.000000000000000000e+00, 3.562693595886230469e+00, 0.000000000000000000e+00, 0.000000000000000000e+00, 0.000000000000000000e+00, 1.195676326751708984e+01, 0.000000000000000000e+00, 0.000000000000000000e+00, 3.116909599304199219e+01, 0.000000000000000000e+00, 0.000000000000000000e+00, 0.000000000000000000e+00, 0.000000000000000000e+00, 0.000000000000000000e+00, 0.000000000000000000e+00, 1.895968627929687500e+01, 0.000000000000000000e+00, 0.000000000000000000e+00, 0.000000000000000000e+00
2.239514923095703125e+01, 0.000000000000000000e+00, 6.148861885070800781e+00, 0.000000000000000000e+00, 0.000000000000000000e+00, 0.000000000000000000e+00, 9.749211311340332031e+00, 0.000000000000000000e+00, 0.000000000000000000e+00, 1.931564712524414062e+01, 0.000000000000000000e+00, 0.000000000000000000e+00, 0.000000000000000000e+00, 0.000000000000000000e+00, 0.000000000000000000e+00, 0.000000000000000000e+00, 1.757193183898925781e+01, 0.000000000000000000e+00, 0.000000000000000000e+00, 0.000000000000000000e+00
1.705169296264648438e+01, 0.000000000000000000e+00, 8.853008270263671875e+00, 0.000000000000000000e+00, 0.000000000000000000e+00, 4.582787036895751953e+00, 6.092844009399414062e+00, 0.000000000000000000e+00, 0.000000000000000000e+00, 2.082239341735839844e+01, 0.000000000000000000e+00, 0.000000000000000000e+00, 0.000000000000000000e+00, 0.000000000000000000e+00, 0.000000000000000000e+00, 0.000000000000000000e+00, 8.905895233154296875e+00, 0.000000000000000000e+00, 0.000000000000000000e+00, 0.000000000000000000e+00
5.575058460235595703e+00, 0.000000000000000000e+00, 9.771777153015136719e+00, 0.000000000000000000e+00, 0.000000000000000000e+00, 5.158911705017089844e+00, 0.000000000000000000e+00, 0.000000000000000000e+00, 0.000000000000000000e+00, 1.982855224609375000e+01, 0.000000000000000000e+00, 0.000000000000000000e+00, 0.000000000000000000e+00, 0.000000000000000000e+00, 0.000000000000000000e+00, 0.000000000000000000e+00, 6.861358165740966797e+00, 0.000000000000000000e+00, 0.000000000000000000e+00, 0.000000000000000000e+00
7.760767936706542969e+00, 0.000000000000000000e+00, 1.547213840484619141e+01, 0.000000000000000000e+00, 0.000000000000000000e+00, 1.257352161407470703e+01, 0.000000000000000000e+00, 0.000000000000000000e+00, 0.000000000000000000e+00, 1.672402763366699219e+01, 0.000000000000000000e+00, 0.000000000000000000e+00, 0.000000000000000000e+00, 0.000000000000000000e+00, 0.000000000000000000e+00, 0.000000000000000000e+00, 8.325829505920410156e+00, 0.000000000000000000e+00, 0.000000000000000000e+00, 0.000000000000000000e+00
5.255795478820800781e+00, 0.000000000000000000e+00, 1.622598266601562500e+01, 0.000000000000000000e+00, 0.000000000000000000e+00, 5.685525894165039062e+00, 0.000000000000000000e+00, 0.000000000000000000e+00, 0.000000000000000000e+00, 2.113255691528320312e+01, 0.000000000000000000e+00, 0.000000000000000000e+00, 0.000000000000000000e+00, 0.000000000000000000e+00, 0.000000000000000000e+00, 0.000000000000000000e+00, 9.638302803039550781e+00, 0.000000000000000000e+00, 0.000000000000000000e+00, 0.000000000000000000e+00
1.989041709899902344e+01, 0.000000000000000000e+00, 1.946545791625976562e+01, 0.000000000000000000e+00, 0.000000000000000000e+00, 3.526582002639770508e+00, 0.000000000000000000e+00, 0.000000000000000000e+00, 0.000000000000000000e+00, 1.581748676300048828e+01, 0.000000000000000000e+00, 0.000000000000000000e+00, 0.000000000000000000e+00, 0.000000000000000000e+00, 0.000000000000000000e+00, 0.000000000000000000e+00, 9.323448181152343750e+00, 0.000000000000000000e+00, 0.000000000000000000e+00, 0.000000000000000000e+00
9.203631401062011719e+00, 0.000000000000000000e+00, 8.823203086853027344e+00, 0.000000000000000000e+00, 0.000000000000000000e+00, 1.016733264923095703e+01, 0.000000000000000000e+00, 0.000000000000000000e+00, 0.000000000000000000e+00, 2.687360763549804688e+01, 0.000000000000000000e+00, 0.000000000000000000e+00, 0.000000000000000000e+00, 0.000000000000000000e+00, 0.000000000000000000e+00, 0.000000000000000000e+00, 7.362730503082275391e+00, 0.000000000000000000e+00, 0.000000000000000000e+00, 0.000000000000000000e+00
7.042452812194824219e+00, 0.000000000000000000e+00, 4.514301419258117676e-01, 0.000000000000000000e+00, 0.000000000000000000e+00, 7.567279815673828125e+00, 1.091716480255126953e+01, 0.000000000000000000e+00, 0.000000000000000000e+00, 1.552242946624755859e+01, 0.000000000000000000e+00, 0.000000000000000000e+00, 0.000000000000000000e+00, 0.000000000000000000e+00, 0.000000000000000000e+00, 0.000000000000000000e+00, 9.142891883850097656e+00, 0.000000000000000000e+00, 0.000000000000000000e+00, 0.000000000000000000e+00
4.227118015289306641e+00, 0.000000000000000000e+00, 9.749852180480957031e+00, 0.000000000000000000e+00, 0.000000000000000000e+00, 3.464299917221069336e+00, 1.420135974884033203e+01, 0.000000000000000000e+00, 0.000000000000000000e+00, 2.297381591796875000e+01, 0.000000000000000000e+00, 0.000000000000000000e+00, 0.000000000000000000e+00, 0.000000000000000000e+00, 0.000000000000000000e+00, 0.000000000000000000e+00, 1.141612720489501953e+01, 0.000000000000000000e+00, 0.000000000000000000e+00, 0.000000000000000000e+00
2.785526466369628906e+01, 0.000000000000000000e+00, 1.574248409271240234e+01, 0.000000000000000000e+00, 0.000000000000000000e+00, 2.084209680557250977e+00, 2.945586681365966797e+00, 0.000000000000000000e+00, 0.000000000000000000e+00, 2.367166900634765625e+01, 0.000000000000000000e+00, 0.000000000000000000e+00, 0.000000000000000000e+00, 0.000000000000000000e+00, 0.000000000000000000e+00, 0.000000000000000000e+00, 9.516089439392089844e+00, 0.000000000000000000e+00, 0.000000000000000000e+00, 0.000000000000000000e+00
1.046141242980957031e+01, 0.000000000000000000e+00, 1.559855937957763672e+01, 0.000000000000000000e+00, 0.000000000000000000e+00, 1.048411083221435547e+01, 0.000000000000000000e+00, 0.000000000000000000e+00, 0.000000000000000000e+00, 3.217339324951171875e+01, 0.000000000000000000e+00, 0.000000000000000000e+00, 0.000000000000000000e+00, 0.000000000000000000e+00, 0.000000000000000000e+00, 0.000000000000000000e+00, 9.741845130920410156e+00, 0.000000000000000000e+00, 0.000000000000000000e+00, 0.000000000000000000e+00
3.180207252502441406e+00, 0.000000000000000000e+00, 1.779035186767578125e+01, 0.000000000000000000e+00, 0.000000000000000000e+00, 1.186449241638183594e+01, 2.981961250305175781e+00, 0.000000000000000000e+00, 0.000000000000000000e+00, 3.269097900390625000e+01, 0.000000000000000000e+00, 0.000000000000000000e+00, 0.000000000000000000e+00, 0.000000000000000000e+00, 0.000000000000000000e+00, 0.000000000000000000e+00, 1.720485687255859375e+01, 0.000000000000000000e+00, 0.000000000000000000e+00, 0.000000000000000000e+00
1.201918601989746094e+01, 0.000000000000000000e+00, 1.618282127380371094e+01, 0.000000000000000000e+00, 0.000000000000000000e+00, 7.741576194763183594e+00, 0.000000000000000000e+00, 0.000000000000000000e+00, 0.000000000000000000e+00, 1.884388923645019531e+01, 0.000000000000000000e+00, 0.000000000000000000e+00, 0.000000000000000000e+00, 0.000000000000000000e+00, 0.000000000000000000e+00, 0.000000000000000000e+00, 9.608952522277832031e+00, 0.000000000000000000e+00, 0.000000000000000000e+00, 0.000000000000000000e+00
1.061460494995117188e+01, 0.000000000000000000e+00, 1.219755458831787109e+01, 0.000000000000000000e+00, 0.000000000000000000e+00, 1.114526033401489258e+00, 0.000000000000000000e+00, 0.000000000000000000e+00, 0.000000000000000000e+00, 2.163775825500488281e+01, 0.000000000000000000e+00, 0.000000000000000000e+00, 0.000000000000000000e+00, 0.000000000000000000e+00, 0.000000000000000000e+00, 0.000000000000000000e+00, 8.968770027160644531e+00, 0.000000000000000000e+00, 0.000000000000000000e+00, 0.000000000000000000e+00
1.124891471862792969e+01, 0.000000000000000000e+00, 2.236044311523437500e+01, 0.000000000000000000e+00, 0.000000000000000000e+00, 3.590052604675292969e+00, 0.000000000000000000e+00, 0.000000000000000000e+00, 0.000000000000000000e+00, 1.340003299713134766e+01, 0.000000000000000000e+00, 0.000000000000000000e+00, 0.000000000000000000e+00, 0.000000000000000000e+00, 0.000000000000000000e+00, 0.000000000000000000e+00, 7.331951618194580078e+00, 0.000000000000000000e+00, 0.000000000000000000e+00, 0.000000000000000000e+00
1.408825111389160156e+01, 0.000000000000000000e+00, 1.476016712188720703e+01, 0.000000000000000000e+00, 0.000000000000000000e+00, 0.000000000000000000e+00, 2.361997127532958984e+00, 0.000000000000000000e+00, 0.000000000000000000e+00, 2.322992897033691406e+01, 0.000000000000000000e+00, 0.000000000000000000e+00, 0.000000000000000000e+00, 0.000000000000000000e+00, 0.000000000000000000e+00, 0.000000000000000000e+00, 1.007223606109619141e+01, 0.000000000000000000e+00, 0.000000000000000000e+00, 0.000000000000000000e+00
1.091944885253906250e+01, 0.000000000000000000e+00, 1.792989540100097656e+01, 0.000000000000000000e+00, 0.000000000000000000e+00, 2.035438776016235352e+00, 0.000000000000000000e+00, 0.000000000000000000e+00, 0.000000000000000000e+00, 1.854514694213867188e+01, 0.000000000000000000e+00, 0.000000000000000000e+00, 0.000000000000000000e+00, 0.000000000000000000e+00, 0.000000000000000000e+00, 0.000000000000000000e+00, 8.088063240051269531e+00, 0.000000000000000000e+00, 0.000000000000000000e+00, 0.000000000000000000e+00
