0.000000000000000000e+00, 0.000000000000000000e+00, 0.000000000000000000e+00, 1.499582976102828979e-01, 2.862186193466186523e+00, 0.000000000000000000e+00, 0.000000000000000000e+00, 7.486496448516845703e+00, 3.709615707397460938e+00, 0.000000000000000000e+00, 7.561485767364501953e-01, 1.925154328346252441e+00, 1.883444404602050781e+01, 7.597323060035705566e-01, 0.000000000000000000e+00, 8.012900352478027344e+00, 8.765704154968261719e+00, 1.580633163452148438e+00, 2.665114998817443848e-01, 0.000000000000000000e+00
0.000000000000000000e+00, 0.000000000000000000e+00, 0.000000000000000000e+00, 0.000000000000000000e+00, 1.067414164543151855e+00, 0.000000000000000000e+00, 0.000000000000000000e+00, 1.506337451934814453e+01, 8.735527038574218750e+00, 0.000000000000000000e+00, 2.411092519760131836e+00, 6.979617118835449219e+00, 3.830373001098632812e+01, 0.000000000000000000e+00, 0.000000000000000000e+00, 8.391149520874023438e+00, 1.912452507019042969e+01, 0.000000000000000000e+00, 1.694033741950988770e+00, 0.000000000000000000e+00
0.000000000000000000e+00, 0.000000000000000000e+00, 0.000000000000000000e+00, 8.543477058410644531e-01, 0.000000000000000000e+00, 0.000000000000000000e+00, 0.000000000000000000e+00, 3.510982036590576172e+00, 2.705909252166748047e+00, 0.000000000000000000e+00, 3.624042272567749023e+00, 3.610118627548217773e+00, 2.031369781494140625e+01, 0.000000000000000000e+00, 0.000000000000000000e+00, 2.884904384613037109e+00, 5.904168128967285156e+00, 1.389534115791320801e+00, 2.576221942901611328e+00, 0.000000000000000000e+00
0.000000000000000000e+00, 0.000000000000000000e+00, 0.000000000000000000e+00, 0.000000000000000000e+00, 0.000000000000000000e+00, 0.000000000000000000e+00, 0.000000000000000000e+00, 8.779019355773925781e+00, 5.019274234771728516e+00, 0.000000000000000000e+00, 2.732921838760375977e+00, 6.933780193328857422e+00, 2.609703254699707031e+01, 0.000000000000000000e+00, 0.000000000000000000e+00, 4.189012050628662109e+00, 1.275299358367919922e+01, 0.000000000000000000e+00, 2.651540279388427734e+00, 0.000000000000000000e+00
0.000000000000000000e+00, 0.000000000000000000e+00, 0.000000000000000000e+00, 0.000000000000000000e+00, 4.359740734100341797e+00, 0.000000000000000000e+00, 0.000000000000000000e+00, 2.549616813659667969e+01, 1.344454669952392578e+01, 0.000000000000000000e+00, 1.683554172515869141e+00, 8.594920158386230469e+00, 5.257022476196289062e+01, 6.724537611007690430e-01, 0.000000000000000000e+00, 1.337570381164550781e+01, 2.936587905883789062e+01, 0.000000000000000000e+00, 8.768962621688842773e-01, 0.000000000000000000e+00
0.000000000000000000e+00, 0.000000000000000000e+00, 0.000000000000000000e+00, 0.000000000000000000e+00, 1.606640815734863281e+00, 0.000000000000000000e+00, 0.000000000000000000e+00, 8.731623649597167969e+00, 4.280210018157958984e+00, 0.000000000000000000e+00, 6.940321922302246094e-01, 3.365407228469848633e+00, 1.814891242980957031e+01, 4.301155805587768555e-01, 0.000000000000000000e+00, 4.578516960144042969e+00, 9.880951881408691406e+00, 0.000000000000000000e+00, 5.742724537849426270e-01, 0.000000000000000000e+00
0.000000000000000000e+00, 0.000000000000000000e+00, 0.000000000000000000e+00, 0.000000000000000000e+00, 5.381339550018310547e+00, 0.000000000000000000e+00, 0.000000000000000000e+00, 1.851915550231933594e+01, 8.127267837524414062e+00, 0.000000000000000000e+00, 5.039207935333251953e-01, 4.794705867767333984e+00, 3.246182632446289062e+01, 2.519885301589965820e+00, 0.000000000000000000e+00, 8.465442657470703125e+00, 1.836505889892578125e+01, 0.000000000000000000e+00, 3.032889366149902344e-01, 0.000000000000000000e+00
0.000000000000000000e+00, 0.000000000000000000e+00, 0.000000000000000000e+00, 0.000000000000000000e+00, 1.124300479888916016e+00, 0.000000000000000000e+00, 0.000000000000000000e+00, 6.305190086364746094e+00, 3.010542392730712891e+00, 0.000000000000000000e+00, 1.522640466690063477e+00, 3.383137464523315430e+00, 1.577746677398681641e+01, 0.000000000000000000e+00, 0.000000000000000000e+00, 3.050214767456054688e+00, 7.443857192993164062e+00, 0.000000000000000000e+00, 1.290369153022766113e+00, 0.000000000000000000e+00
0.000000000000000000e+00, 0.000000000000000000e+00, 0.000000000000000000e+00, 0.000000000000000000e+00, 3.839680552482604980e-01, 0.000000000000000000e+00, 0.000000000000000000e+00, 1.475613403320312500e+01, 8.701094627380371094e+00, 0.000000000000000000e+00, 2.376481771469116211e+00, 7.687716007232666016e+00, 3.689373016357421875e+01, 0.000000000000000000e+00, 0.000000000000000000e+00, 7.568349361419677734e+00, 1.922754859924316406e+01, 0.000000000000000000e+00, 1.504231810569763184e+00, 0.000000000000000000e+00
0.000000000000000000e+00, 0.000000000000000000e+00, 0.000000000000000000e+00, 0.000000000000000000e+00, 6.195092201232910156e-01, 0.000000000000000000e+00, 0.000000000000000000e+00, 8.157137870788574219e+00, 4.440691947937011719e+00, 0.000000000000000000e+00, 1.891983866691589355e+00, 4.791203022003173828e+00, 2.141830253601074219e+01, 0.000000000000000000e+00, 0.000000000000000000e+00, 3.966930389404296875e+00, 1.027167892456054688e+01, 0.000000000000000000e+00, 1.668866753578186035e+00, 0.000000000000000000e+00
0.000000000000000000e+00, 1.438129097223281860e-01, 0.000000000000000000e+00, 6.597781926393508911e-02, 7.034485340118408203e+00, 7.003960609436035156e-01, 0.000000000000000000e+00, 9.677777290344238281e+00, 1.668290615081787109e+00, 0.000000000000000000e+00, 0.000000000000000000e+00, 9.829714894294738770e-01, 1.389875698089599609e+01, 4.144582271575927734e+00, 0.000000000000000000e+00, 6.367754459381103516e+00, 7.528528690338134766e+00, 1.570440649986267090e+00, 3.639833331108093262e-01, 0.000000000000000000e+00
0.000000000000000000e+00, 5.395364284515380859e+00, 0.000000000000000000e+00, 0.000000000000000000e+00, 1.883126449584960938e+01, 1.007555103302001953e+01, 0.000000000000000000e+00, 1.958410263061523438e+01, 7.380464076995849609e-01, 0.000000000000000000e+00, 0.000000000000000000e+00, 0.000000000000000000e+00, 1.132374572753906250e+01, 1.250218105316162109e+01, 2.753628015518188477e+00, 1.245658493041992188e+01, 9.908244132995605469e+00, 1.902750253677368164e+00, 0.000000000000000000e+00, 0.000000000000000000e+00
0.000000000000000000e+00, 3.481423854827880859e+00, 0.000000000000000000e+00, 0.000000000000000000e+00, 1.809642791748046875e+01, 4.185807704925537109e+00, 0.000000000000000000e+00, 1.973521041870117188e+01, 1.482208013534545898e+00, 0.000000000000000000e+00, 0.000000000000000000e+00, 0.000000000000000000e+00, 1.566520595550537109e+01, 1.216267490386962891e+01, 1.438550591468811035e+00, 1.744372367858886719e+01, 1.253012561798095703e+01, 3.621053218841552734e+00, 0.000000000000000000e+00, 0.000000000000000000e+00
0.000000000000000000e+00, 2.148773431777954102e+00, 0.000000000000000000e+00, 0.000000000000000000e+00, 1.497498321533203125e+01, 4.426399707794189453e+00, 0.000000000000000000e+00, 1.812127113342285156e+01, 1.987188339233398438e+00, 0.000000000000000000e+00, 0.000000000000000000e+00, 2.453195005655288696e-01, 1.456904697418212891e+01, 9.933840751647949219e+00, 8.942241072654724121e-01, 1.025398921966552734e+01, 1.067341709136962891e+01, 1.566720366477966309e+00, 0.000000000000000000e+00, 0.000000000000000000e+00
0.000000000000000000e+00, 0.000000000000000000e+00, 0.000000000000000000e+00, 0.000000000000000000e+00, 1.204085063934326172e+01, 0.000000000000000000e+00, 0.000000000000000000e+00, 2.052511787414550781e+01, 5.384313106536865234e+00, 0.000000000000000000e+00, 0.000000000000000000e+00, 2.055600166320800781e+00, 2.398392677307128906e+01, 7.592568874359130859e+00, 0.000000000000000000e+00, 1.094341564178466797e+01, 1.619262504577636719e+01, 5.820845365524291992e-01, 0.000000000000000000e+00, 0.000000000000000000e+00
0.000000000000000000e+00, 0.000000000000000000e+00, 0.000000000000000000e+00, 0.000000000000000000e+00, 9.208477973937988281e+00, 0.000000000000000000e+00, 0.000000000000000000e+00, 1.686417961120605469e+01, 5.025032520294189453e+00, 0.000000000000000000e+00, 0.000000000000000000e+00, 1.890662670135498047e+00, 2.235896873474121094e+01, 5.664004802703857422e+00, 0.000000000000000000e+00, 1.050440025329589844e+01, 1.459451007843017578e+01, 7.362119555473327637e-01, 0.000000000000000000e+00, 0.000000000000000000e+00
0.000000000000000000e+00, 4.396808743476867676e-01, 0.000000000000000000e+00, 7.523440755903720856e-03, 3.347848892211914062e+00, 1.226330399513244629e-01, 0.000000000000000000e+00, 3.519544124603271484e+00, 4.109818041324615479e-01, 0.000000000000000000e+00, 0.000000000000000000e+00, 0.000000000000000000e+00, 4.650014400482177734e+00, 2.068269252777099609e+00, 0.000000000000000000e+00, 4.714923858642578125e+00, 2.997976064682006836e+00, 1.312403559684753418e+00, 0.000000000000000000e+00, 0.000000000000000000e+00
0.000000000000000000e+00, 3.382994890213012695e+00, 0.000000000000000000e+00, 3.827268481254577637e-01, 5.250464439392089844e+00, 6.238077640533447266e+00, 0.000000000000000000e+00, 3.035297870635986328e+00, 0.000000000000000000e+00, 0.000000000000000000e+00, 7.334825992584228516e-01, 0.000000000000000000e+00, 3.001464605331420898e+00, 2.395909070968627930e+00, 1.180877447128295898e+00, 4.329831123352050781e+00, 5.588688254356384277e-01, 1.176818490028381348e+00, 4.693771004676818848e-01, 0.000000000000000000e+00
0.000000000000000000e+00, 1.252719402313232422e+00, 0.000000000000000000e+00, 0.000000000000000000e+00, 6.214391708374023438e+00, 1.941928744316101074e+00, 0.000000000000000000e+00, 6.676414489746093750e+00, 4.171326458454132080e-01, 0.000000000000000000e+00, 0.000000000000000000e+00, 1.546394824981689453e-02, 5.132421493530273438e+00, 4.184435367584228516e+00, 4.200792312622070312e-01, 5.326027870178222656e+00, 4.105879306793212891e+00, 1.129357814788818359e+00, 0.000000000000000000e+00, 0.000000000000000000e+00
0.000000000000000000e+00, 2.838414907455444336e+00, 0.000000000000000000e+00, 0.000000000000000000e+00, 7.150071620941162109e+00, 5.338297843933105469e+00, 0.000000000000000000e+00, 6.685280799865722656e+00, 0.000000000000000000e+00, 0.000000000000000000e+00, 0.000000000000000000e+00, 0.000000000000000000e+00, 3.480049133300781250e+00, 4.463558673858642578e+00, 1.434178948402404785e+00, 4.974536418914794922e+00, 2.891105175018310547e+00, 6.669718027114868164e-01, 0.000000000000000000e+00, 0.000000000000000000e+00
0.000000000000000000e+00, 5.135769367218017578e+00, 0.000000000000000000e+00, 0.000000000000000000e+00, 1.250903797149658203e+01, 1.172151088714599609e+01, 0.000000000000000000e+00, 1.268822193145751953e+01, 0.000000000000000000e+00, 0.000000000000000000e+00, 1.235358193516731262e-01, 5.555121302604675293e-01, 7.708965301513671875e+00, 7.380856990814208984e+00, 2.521409273147583008e+00, 3.760558128356933594e+00, 4.808352947235107422e+00, 0.000000000000000000e+00, 8.985507488250732422e-01, 0.000000000000000000e+00
0.000000000000000000e+00, 6.204946994781494141e+00, 0.000000000000000000e+00, 1.560443788766860962e-01, 7.071972370147705078e+00, 1.275193500518798828e+01, 0.000000000000000000e+00, 4.164022922515869141e+00, 0.000000000000000000e+00, 0.000000000000000000e+00, 1.481800317764282227e+00, 0.000000000000000000e+00, 2.324029922485351562e+00, 2.837672472000122070e+00, 2.925262212753295898e+00, 3.457463502883911133e+00, 0.000000000000000000e+00, 0.000000000000000000e+00, 1.042953610420227051e+00, 0.000000000000000000e+00
0.000000000000000000e+00, 5.828939914703369141e+00, 0.000000000000000000e+00, 1.651265425607562065e-03, 5.010512828826904297e+00, 1.173172473907470703e+01, 0.000000000000000000e+00, 2.245219707489013672e+00, 0.000000000000000000e+00, 0.000000000000000000e+00, 1.225980758666992188e+00, 0.000000000000000000e+00, 4.998939335346221924e-01, 1.635209441184997559e+00, 2.830171346664428711e+00, 3.061123609542846680e+00, 0.000000000000000000e+00, 0.000000000000000000e+00, 8.812937736511230469e-01, 0.000000000000000000e+00
0.000000000000000000e+00, 4.770433902740478516e+00, 0.000000000000000000e+00, 1.350895408540964127e-02, 6.936675548553466797e+00, 9.418301582336425781e+00, 0.000000000000000000e+00, 5.299962520599365234e+00, 0.000000000000000000e+00, 0.000000000000000000e+00, 7.013632655143737793e-01, 0.000000000000000000e+00, 2.878618717193603516e+00, 3.694929838180541992e+00, 2.358383417129516602e+00, 3.866176605224609375e+00, 8.722810149192810059e-01, 2.729307413101196289e-01, 6.631869077682495117e-01, 0.000000000000000000e+00
0.000000000000000000e+00, 6.001274585723876953e+00, 0.000000000000000000e+00, 7.475982420146465302e-05, 5.352395534515380859e+00, 1.174090099334716797e+01, 0.000000000000000000e+00, 2.572293043136596680e+00, 0.000000000000000000e+00, 0.000000000000000000e+00, 1.203238606452941895e+00, 0.000000000000000000e+00, 1.023601770401000977e+00, 1.884088158607482910e+00, 2.857758283615112305e+00, 3.904485702514648438e+00, 0.000000000000000000e+00, 0.000000000000000000e+00, 9.210842847824096680e-01, 0.000000000000000000e+00
0.000000000000000000e+00, 9.178940773010253906e+00, 0.000000000000000000e+00, 2.211217433214187622e-01, 2.210902023315429688e+01, 1.802550125122070312e+01, 0.000000000000000000e+00, 1.977634429931640625e+01, 0.000000000000000000e+00, 0.000000000000000000e+00, 0.000000000000000000e+00, 0.000000000000000000e+00, 1.229429912567138672e+01, 1.355949974060058594e+01, 3.946510553359985352e+00, 1.120181655883789062e+01, 7.829097747802734375e+00, 2.084230422973632812e+00, 7.060620784759521484e-01, 0.000000000000000000e+00
0.000000000000000000e+00, 6.668618202209472656e+00, 0.000000000000000000e+00, 0.000000000000000000e+00, 1.816204452514648438e+01, 1.232678127288818359e+01, 0.000000000000000000e+00, 1.723808479309082031e+01, 0.000000000000000000e+00, 0.000000000000000000e+00, 0.000000000000000000e+00, 0.000000000000000000e+00, 9.801156997680664062e+00, 1.159893417358398438e+01, 3.196947813034057617e+00, 1.131999778747558594e+01, 7.937680721282958984e+00, 2.040724277496337891e+00, 0.000000000000000000e+00, 0.000000000000000000e+00
0.000000000000000000e+00, 2.034833431243896484e+00, 0.000000000000000000e+00, 0.000000000000000000e+00, 1.179686546325683594e+01, 2.761252880096435547e+00, 0.000000000000000000e+00, 1.241910839080810547e+01, 1.014214634895324707e+00, 0.000000000000000000e+00, 0.000000000000000000e+00, 0.000000000000000000e+00, 1.152868556976318359e+01, 7.608844280242919922e+00, 3.798178434371948242e-01, 1.098185157775878906e+01, 7.876631259918212891e+00, 2.780529022216796875e+00, 0.000000000000000000e+00, 0.000000000000000000e+00
0.000000000000000000e+00, 4.337495326995849609e+00, 0.000000000000000000e+00, 1.180393770337104797e-01, 1.138814067840576172e+01, 8.529973030090332031e+00, 0.000000000000000000e+00, 9.876776695251464844e+00, 0.000000000000000000e+00, 0.000000000000000000e+00, 0.000000000000000000e+00, 0.000000000000000000e+00, 7.535410881042480469e+00, 6.555298328399658203e+00, 1.582598686218261719e+00, 7.030255317687988281e+00, 4.387725353240966797e+00, 1.693027973175048828e+00, 4.531199932098388672e-01, 0.000000000000000000e+00
0.000000000000000000e+00, 4.328573703765869141e+00, 0.000000000000000000e+00, 0.000000000000000000e+00, 1.766445732116699219e+01, 7.333947181701660156e+00, 0.000000000000000000e+00, 1.888142204284667969e+01, 9.633982181549072266e-01, 0.000000000000000000e+00, 0.000000000000000000e+00, 0.000000000000000000e+00, 1.176794147491455078e+01, 1.190155887603759766e+01, 2.149624109268188477e+00, 1.283858394622802734e+01, 1.021732234954833984e+01, 2.313432455062866211e+00, 0.000000000000000000e+00, 0.000000000000000000e+00
0.000000000000000000e+00, 2.975942134857177734e+00, 0.000000000000000000e+00, 0.000000000000000000e+00, 1.229204273223876953e+01, 3.705201625823974609e+00, 0.000000000000000000e+00, 1.164263343811035156e+01, 1.570421457290649414e-01, 0.000000000000000000e+00, 0.000000000000000000e+00, 0.000000000000000000e+00, 9.782238960266113281e+00, 7.923503398895263672e+00, 9.036939144134521484e-01, 1.176970672607421875e+01, 7.076157569885253906e+00, 3.133623600006103516e+00, 0.000000000000000000e+00, 0.000000000000000000e+00
0.000000000000000000e+00, 7.846657276153564453e+00, 0.000000000000000000e+00, 2.009081691503524780e-01, 1.297280406951904297e+01, 1.405588817596435547e+01, 0.000000000000000000e+00, 9.669795036315917969e+00, 0.000000000000000000e+00, 0.000000000000000000e+00, 0.000000000000000000e+00, 0.000000000000000000e+00, 4.506160736083984375e+00, 7.247224330902099609e+00, 3.727228403091430664e+00, 9.377484321594238281e+00, 2.702069997787475586e+00, 1.725778102874755859e+00, 6.524252295494079590e-01, 0.000000000000000000e+00
0.000000000000000000e+00, 5.759166240692138672e+00, 0.000000000000000000e+00, 0.000000000000000000e+00, 1.872027969360351562e+01, 1.010275936126708984e+01, 0.000000000000000000e+00, 1.893447113037109375e+01, 2.968369722366333008e-01, 0.000000000000000000e+00, 0.000000000000000000e+00, 0.000000000000000000e+00, 1.084615993499755859e+01, 1.244425582885742188e+01, 2.996169567108154297e+00, 1.276133537292480469e+01, 9.411839485168457031e+00, 1.847765207290649414e+00, 0.000000000000000000e+00, 0.000000000000000000e+00
0.000000000000000000e+00, 5.635964870452880859e+00, 0.000000000000000000e+00, 0.000000000000000000e+00, 1.968041419982910156e+01, 9.719512939453125000e+00, 0.000000000000000000e+00, 1.943404197692871094e+01, 2.526240646839141846e-01, 0.000000000000000000e+00, 0.000000000000000000e+00, 0.000000000000000000e+00, 1.264543724060058594e+01, 1.298829555511474609e+01, 2.692802190780639648e+00, 1.401702976226806641e+01, 9.981770515441894531e+00, 2.775191783905029297e+00, 0.000000000000000000e+00, 0.000000000000000000e+00
0.000000000000000000e+00, 5.539175987243652344e+00, 0.000000000000000000e+00, 0.000000000000000000e+00, 1.859129333496093750e+01, 9.326895713806152344e+00, 0.000000000000000000e+00, 1.850057792663574219e+01, 2.755516469478607178e-01, 0.000000000000000000e+00, 0.000000000000000000e+00, 0.000000000000000000e+00, 1.182997417449951172e+01, 1.206857681274414062e+01, 2.619880914688110352e+00, 1.339352321624755859e+01, 9.317893981933593750e+00, 2.752796173095703125e+00, 0.000000000000000000e+00, 0.000000000000000000e+00
0.000000000000000000e+00, 7.788519382476806641e+00, 0.000000000000000000e+00, 0.000000000000000000e+00, 3.664628219604492188e+01, 1.519457340240478516e+01, 0.000000000000000000e+00, 4.144538879394531250e+01, 3.086522579193115234e+00, 0.000000000000000000e+00, 0.000000000000000000e+00, 7.950110733509063721e-02, 3.229616165161132812e+01, 2.461032867431640625e+01, 2.872229337692260742e+00, 2.288576126098632812e+01, 2.338187789916992188e+01, 4.035915374755859375e+00, 0.000000000000000000e+00, 0.000000000000000000e+00
0.000000000000000000e+00, 7.236992359161376953e+00, 0.000000000000000000e+00, 0.000000000000000000e+00, 2.674969482421875000e+01, 1.286328983306884766e+01, 0.000000000000000000e+00, 2.780810928344726562e+01, 1.306404471397399902e+00, 0.000000000000000000e+00, 0.000000000000000000e+00, 0.000000000000000000e+00, 1.776209449768066406e+01, 1.768524360656738281e+01, 3.405298471450805664e+00, 1.923379516601562500e+01, 1.475598812103271484e+01, 3.230271339416503906e+00, 0.000000000000000000e+00, 0.000000000000000000e+00
0.000000000000000000e+00, 1.092380428314208984e+01, 0.000000000000000000e+00, 0.000000000000000000e+00, 3.774193954467773438e+01, 2.085003280639648438e+01, 0.000000000000000000e+00, 3.835588073730468750e+01, 1.030199289321899414e+00, 0.000000000000000000e+00, 0.000000000000000000e+00, 0.000000000000000000e+00, 2.333054351806640625e+01, 2.515281105041503906e+01, 5.313354015350341797e+00, 2.224831962585449219e+01, 1.899715995788574219e+01, 3.771945238113403320e+00, 0.000000000000000000e+00, 0.000000000000000000e+00
0.000000000000000000e+00, 5.294735431671142578e+00, 0.000000000000000000e+00, 0.000000000000000000e+00, 1.585612773895263672e+01, 8.572994232177734375e+00, 0.000000000000000000e+00, 1.495256996154785156e+01, 0.000000000000000000e+00, 0.000000000000000000e+00, 0.000000000000000000e+00, 0.000000000000000000e+00, 8.792890548706054688e+00, 1.020680236816406250e+01, 2.501858472824096680e+00, 1.324401950836181641e+01, 7.647237777709960938e+00, 2.744864463806152344e+00, 0.000000000000000000e+00, 0.000000000000000000e+00
0.000000000000000000e+00, 6.821640968322753906e+00, 0.000000000000000000e+00, 0.000000000000000000e+00, 3.606886672973632812e+01, 1.047939300537109375e+01, 0.000000000000000000e+00, 3.927785110473632812e+01, 2.767795562744140625e+00, 0.000000000000000000e+00, 0.000000000000000000e+00, 0.000000000000000000e+00, 2.935120010375976562e+01, 2.469758605957031250e+01, 2.689824342727661133e+00, 2.811730003356933594e+01, 2.362844276428222656e+01, 6.297535419464111328e+00, 0.000000000000000000e+00, 0.000000000000000000e+00
0.000000000000000000e+00, 5.037180900573730469e+00, 0.000000000000000000e+00, 0.000000000000000000e+00, 9.467679023742675781e+00, 1.052733898162841797e+01, 0.000000000000000000e+00, 8.283238410949707031e+00, 0.000000000000000000e+00, 0.000000000000000000e+00, 0.000000000000000000e+00, 1.440116614103317261e-01, 3.575737476348876953e+00, 5.700055599212646484e+00, 2.498712778091430664e+00, 4.035302162170410156e+00, 2.543414831161499023e+00, 1.304121911525726318e-01, 4.220623075962066650e-01, 0.000000000000000000e+00
0.000000000000000000e+00, 7.762569904327392578e+00, 0.000000000000000000e+00, 8.475554734468460083e-02, 1.688671875000000000e+01, 1.425590705871582031e+01, 0.000000000000000000e+00, 1.376665019989013672e+01, 0.000000000000000000e+00, 0.000000000000000000e+00, 0.000000000000000000e+00, 0.000000000000000000e+00, 8.262980461120605469e+00, 1.014444255828857422e+01, 3.294949293136596680e+00, 1.079894351959228516e+01, 5.770224571228027344e+00, 2.334011554718017578e+00, 6.908515691757202148e-01, 0.000000000000000000e+00
0.000000000000000000e+00, 4.242412090301513672e+00, 0.000000000000000000e+00, 0.000000000000000000e+00, 1.215364933013916016e+01, 5.488399028778076172e+00, 0.000000000000000000e+00, 1.071796703338623047e+01, 0.000000000000000000e+00, 0.000000000000000000e+00, 0.000000000000000000e+00, 0.000000000000000000e+00, 6.004234790802001953e+00, 7.775797367095947266e+00, 1.889952778816223145e+00, 1.270373821258544922e+01, 5.799401283264160156e+00, 2.745284557342529297e+00, 0.000000000000000000e+00, 0.000000000000000000e+00
0.000000000000000000e+00, 2.860713243484497070e+00, 0.000000000000000000e+00, 1.268174499273300171e-01, 8.546427726745605469e+00, 4.178648948669433594e+00, 0.000000000000000000e+00, 7.127710342407226562e+00, 0.000000000000000000e+00, 0.000000000000000000e+00, 0.000000000000000000e+00, 0.000000000000000000e+00, 7.581421852111816406e+00, 4.782297611236572266e+00, 7.017095088958740234e-01, 8.535391807556152344e+00, 4.243068695068359375e+00, 2.617783546447753906e+00, 1.133954077959060669e-01, 0.000000000000000000e+00
0.000000000000000000e+00, 4.296042919158935547e+00, 0.000000000000000000e+00, 0.000000000000000000e+00, 2.125226783752441406e+01, 7.236987590789794922e+00, 0.000000000000000000e+00, 2.288496971130371094e+01, 1.652441978454589844e+00, 0.000000000000000000e+00, 0.000000000000000000e+00, 0.000000000000000000e+00, 1.680206489562988281e+01, 1.399055480957031250e+01, 1.770613789558410645e+00, 1.634990882873535156e+01, 1.365512752532958984e+01, 3.205851554870605469e+00, 0.000000000000000000e+00, 0.000000000000000000e+00
0.000000000000000000e+00, 0.000000000000000000e+00, 0.000000000000000000e+00, 0.000000000000000000e+00, 3.382853507995605469e+00, 0.000000000000000000e+00, 0.000000000000000000e+00, 2.675118064880371094e+01, 1.491461181640625000e+01, 0.000000000000000000e+00, 3.091070890426635742e+00, 1.045701694488525391e+01, 6.116569900512695312e+01, 0.000000000000000000e+00, 0.000000000000000000e+00, 1.431486511230468750e+01, 3.240778350830078125e+01, 0.000000000000000000e+00, 1.636449933052062988e+00, 0.000000000000000000e+00
0.000000000000000000e+00, 0.000000000000000000e+00, 0.000000000000000000e+00, 0.000000000000000000e+00, 2.617744684219360352e+00, 0.000000000000000000e+00, 0.000000000000000000e+00, 1.975032424926757812e+01, 1.189110565185546875e+01, 0.000000000000000000e+00, 2.726122856140136719e+00, 8.574407577514648438e+00, 5.127899551391601562e+01, 0.000000000000000000e+00, 0.000000000000000000e+00, 1.381544971466064453e+01, 2.603668403625488281e+01, 2.054748088121414185e-01, 1.803927302360534668e+00, 0.000000000000000000e+00
0.000000000000000000e+00, 0.000000000000000000e+00, 0.000000000000000000e+00, 0.000000000000000000e+00, 4.045519828796386719e+00, 0.000000000000000000e+00, 0.000000000000000000e+00, 1.901402473449707031e+01, 9.874346733093261719e+00, 0.000000000000000000e+00, 4.827311038970947266e-01, 6.038889408111572266e+00, 3.977972030639648438e+01, 9.840874075889587402e-01, 0.000000000000000000e+00, 1.325849056243896484e+01, 2.305488777160644531e+01, 0.000000000000000000e+00, 1.376746967434883118e-02, 0.000000000000000000e+00
0.000000000000000000e+00, 0.000000000000000000e+00, 0.000000000000000000e+00, 1.826456934213638306e-01, 1.388980150222778320e+00, 0.000000000000000000e+00, 0.000000000000000000e+00, 8.129392623901367188e+00, 4.555291652679443359e+00, 0.000000000000000000e+00, 2.076391935348510742e+00, 4.214950084686279297e+00, 2.497738075256347656e+01, 0.000000000000000000e+00, 0.000000000000000000e+00, 7.647912025451660156e+00, 1.150892734527587891e+01, 1.072967171669006348e+00, 1.470567107200622559e+00, 0.000000000000000000e+00
0.000000000000000000e+00, 4.569140076637268066e-02, 0.000000000000000000e+00, 0.000000000000000000e+00, 1.396342277526855469e+01, 2.623989582061767578e+00, 0.000000000000000000e+00, 2.188401603698730469e+01, 4.417522430419921875e+00, 0.000000000000000000e+00, 0.000000000000000000e+00, 2.601553201675415039e+00, 2.103685951232910156e+01, 9.338415145874023438e+00, 0.000000000000000000e+00, 9.567608833312988281e+00, 1.546341991424560547e+01, 0.000000000000000000e+00, 0.000000000000000000e+00, 0.000000000000000000e+00
0.000000000000000000e+00, 2.079252243041992188e+00, 0.000000000000000000e+00, 0.000000000000000000e+00, 7.564589977264404297e+00, 3.338396072387695312e+00, 0.000000000000000000e+00, 7.850361824035644531e+00, 1.652409732341766357e-01, 0.000000000000000000e+00, 0.000000000000000000e+00, 0.000000000000000000e+00, 5.625056266784667969e+00, 4.912819385528564453e+00, 9.358393549919128418e-01, 6.547348499298095703e+00, 3.993172883987426758e+00, 1.185930967330932617e+00, 0.000000000000000000e+00, 0.000000000000000000e+00
0.000000000000000000e+00, 3.366308927536010742e+00, 0.000000000000000000e+00, 1.298784464597702026e-01, 4.552582740783691406e+00, 3.554458141326904297e+00, 0.000000000000000000e+00, 2.457339286804199219e+00, 0.000000000000000000e+00, 0.000000000000000000e+00, 0.000000000000000000e+00, 0.000000000000000000e+00, 1.686287999153137207e+00, 2.341886758804321289e+00, 1.311585903167724609e+00, 1.098627471923828125e+01, 1.007515430450439453e+00, 2.540678501129150391e+00, 0.000000000000000000e+00, 0.000000000000000000e+00
0.000000000000000000e+00, 2.067973136901855469e+00, 0.000000000000000000e+00, 4.384177923202514648e-01, 1.072742938995361328e+01, 2.231107711791992188e+00, 0.000000000000000000e+00, 9.979194641113281250e+00, 4.456653892993927002e-01, 0.000000000000000000e+00, 0.000000000000000000e+00, 0.000000000000000000e+00, 1.267925548553466797e+01, 6.137709617614746094e+00, 0.000000000000000000e+00, 1.163203144073486328e+01, 6.079785823822021484e+00, 3.580055236816406250e+00, 0.000000000000000000e+00, 0.000000000000000000e+00
0.000000000000000000e+00, 3.768718481063842773e+00, 0.000000000000000000e+00, 4.797443747520446777e-01, 6.471180438995361328e+00, 6.373415470123291016e+00, 0.000000000000000000e+00, 4.469092845916748047e+00, 0.000000000000000000e+00, 0.000000000000000000e+00, 4.670294523239135742e-01, 0.000000000000000000e+00, 4.226697921752929688e+00, 3.308115243911743164e+00, 1.487181067466735840e+00, 5.925053119659423828e+00, 1.082460641860961914e+00, 1.622509479522705078e+00, 4.610171318054199219e-01, 0.000000000000000000e+00
0.000000000000000000e+00, 4.396421909332275391e+00, 0.000000000000000000e+00, 3.585005402565002441e-01, 7.099421977996826172e+00, 1.014534664154052734e+01, 0.000000000000000000e+00, 5.573440551757812500e+00, 0.000000000000000000e+00, 0.000000000000000000e+00, 1.416052222251892090e+00, 2.219713032245635986e-01, 4.297068595886230469e+00, 3.541444301605224609e+00, 1.723901629447937012e+00, 3.827061653137207031e-01, 9.268859028816223145e-01, 0.000000000000000000e+00, 1.417500138282775879e+00, 0.000000000000000000e+00
0.000000000000000000e+00, 0.000000000000000000e+00, 0.000000000000000000e+00, 0.000000000000000000e+00, 0.000000000000000000e+00, 0.000000000000000000e+00, 0.000000000000000000e+00, 8.598531723022460938e+00, 5.100845813751220703e+00, 0.000000000000000000e+00, 2.719998121261596680e+00, 6.546772956848144531e+00, 2.598872947692871094e+01, 0.000000000000000000e+00, 0.000000000000000000e+00, 3.781661033630371094e+00, 1.235571765899658203e+01, 0.000000000000000000e+00, 2.622496843338012695e+00, 0.000000000000000000e+00
0.000000000000000000e+00, 0.000000000000000000e+00, 0.000000000000000000e+00, 0.000000000000000000e+00, 8.866687417030334473e-01, 0.000000000000000000e+00, 0.000000000000000000e+00, 1.388221645355224609e+01, 7.779649257659912109e+00, 0.000000000000000000e+00, 3.067139863967895508e+00, 7.264740467071533203e+00, 3.571247863769531250e+01, 0.000000000000000000e+00, 0.000000000000000000e+00, 6.001896858215332031e+00, 1.762876892089843750e+01, 0.000000000000000000e+00, 2.416369438171386719e+00, 0.000000000000000000e+00
0.000000000000000000e+00, 0.000000000000000000e+00, 0.000000000000000000e+00, 0.000000000000000000e+00, 2.317871809005737305e+00, 0.000000000000000000e+00, 0.000000000000000000e+00, 9.464415550231933594e+00, 3.787049531936645508e+00, 0.000000000000000000e+00, 1.640446186065673828e+00, 4.551678657531738281e+00, 1.918489837646484375e+01, 6.966327428817749023e-01, 0.000000000000000000e+00, 3.457008123397827148e+00, 1.000939655303955078e+01, 0.000000000000000000e+00, 1.658756852149963379e+00, 0.000000000000000000e+00
0.000000000000000000e+00, 0.000000000000000000e+00, 0.000000000000000000e+00, 0.000000000000000000e+00, 4.735013246536254883e-01, 0.000000000000000000e+00, 0.000000000000000000e+00, 1.298623085021972656e+01, 7.405684947967529297e+00, 0.000000000000000000e+00, 2.800780057907104492e+00, 7.382726669311523438e+00, 3.367156982421875000e+01, 0.000000000000000000e+00, 0.000000000000000000e+00, 5.802042484283447266e+00, 1.680540847778320312e+01, 0.000000000000000000e+00, 2.114484548568725586e+00, 0.000000000000000000e+00
0.000000000000000000e+00, 0.000000000000000000e+00, 0.000000000000000000e+00, 0.000000000000000000e+00, 1.552032470703125000e+00, 0.000000000000000000e+00, 0.000000000000000000e+00, 1.490871047973632812e+01, 8.044940948486328125e+00, 0.000000000000000000e+00, 2.363807678222656250e+00, 6.716735363006591797e+00, 3.518354415893554688e+01, 0.000000000000000000e+00, 0.000000000000000000e+00, 6.652317047119140625e+00, 1.799038887023925781e+01, 0.000000000000000000e+00, 1.850113034248352051e+00, 0.000000000000000000e+00
0.000000000000000000e+00, 0.000000000000000000e+00, 0.000000000000000000e+00, 0.000000000000000000e+00, 4.896863937377929688e+00, 0.000000000000000000e+00, 0.000000000000000000e+00, 1.089715671539306641e+01, 3.763863325119018555e+00, 0.000000000000000000e+00, 0.000000000000000000e+00, 2.324339628219604492e+00, 1.658189582824707031e+01, 2.744499444961547852e+00, 0.000000000000000000e+00, 6.200509071350097656e+00, 1.010267543792724609e+01, 8.485864102840423584e-02, 0.000000000000000000e+00, 0.000000000000000000e+00
0.000000000000000000e+00, 0.000000000000000000e+00, 0.000000000000000000e+00, 0.000000000000000000e+00, 2.231404185295104980e-01, 0.000000000000000000e+00, 0.000000000000000000e+00, 5.814080715179443359e+00, 3.476822376251220703e+00, 0.000000000000000000e+00, 1.257803797721862793e+00, 3.293777704238891602e+00, 1.712827682495117188e+01, 0.000000000000000000e+00, 0.000000000000000000e+00, 4.515460968017578125e+00, 8.522081375122070312e+00, 2.439131289720535278e-01, 9.205524921417236328e-01, 0.000000000000000000e+00
0.000000000000000000e+00, 0.000000000000000000e+00, 0.000000000000000000e+00, 0.000000000000000000e+00, 3.577353477478027344e+00, 0.000000000000000000e+00, 0.000000000000000000e+00, 1.085346889495849609e+01, 4.331930637359619141e+00, 0.000000000000000000e+00, 0.000000000000000000e+00, 2.937676191329956055e+00, 1.798654365539550781e+01, 1.778579831123352051e+00, 0.000000000000000000e+00, 5.586582183837890625e+00, 1.087787055969238281e+01, 0.000000000000000000e+00, 2.306537777185440063e-01, 0.000000000000000000e+00
0.000000000000000000e+00, 0.000000000000000000e+00, 0.000000000000000000e+00, 0.000000000000000000e+00, 5.581174373626708984e+00, 0.000000000000000000e+00, 0.000000000000000000e+00, 1.606101989746093750e+01, 7.165973663330078125e+00, 0.000000000000000000e+00, 5.747344344854354858e-02, 3.568685770034790039e+00, 2.941260337829589844e+01, 2.418683767318725586e+00, 0.000000000000000000e+00, 1.038576507568359375e+01, 1.682521629333496094e+01, 1.238249614834785461e-02, 0.000000000000000000e+00, 0.000000000000000000e+00
0.000000000000000000e+00, 0.000000000000000000e+00, 0.000000000000000000e+00, 0.000000000000000000e+00, 3.621330261230468750e+00, 0.000000000000000000e+00, 0.000000000000000000e+00, 1.076978969573974609e+01, 4.366488933563232422e+00, 0.000000000000000000e+00, 6.065716594457626343e-02, 2.803198099136352539e+00, 1.874918937683105469e+01, 1.814551830291748047e+00, 0.000000000000000000e+00, 5.500223159790039062e+00, 1.075767803192138672e+01, 0.000000000000000000e+00, 2.292661517858505249e-01, 0.000000000000000000e+00
0.000000000000000000e+00, 0.000000000000000000e+00, 0.000000000000000000e+00, 0.000000000000000000e+00, 0.000000000000000000e+00, 0.000000000000000000e+00, 0.000000000000000000e+00, 4.379636287689208984e+00, 2.745452880859375000e+00, 0.000000000000000000e+00, 1.895697951316833496e+00, 4.317738533020019531e+00, 1.602530670166015625e+01, 0.000000000000000000e+00, 0.000000000000000000e+00, 2.618326425552368164e+00, 7.274034023284912109e+00, 3.404580652713775635e-01, 1.806033015251159668e+00, 0.000000000000000000e+00
0.000000000000000000e+00, 0.000000000000000000e+00, 0.000000000000000000e+00, 0.000000000000000000e+00, 0.000000000000000000e+00, 0.000000000000000000e+00, 0.000000000000000000e+00, 6.654843807220458984e+00, 4.159333705902099609e+00, 0.000000000000000000e+00, 1.372521042823791504e+00, 4.035463333129882812e+00, 1.893780517578125000e+01, 0.000000000000000000e+00, 0.000000000000000000e+00, 4.833377361297607422e+00, 9.562535285949707031e+00, 8.486719429492950439e-02, 1.055271625518798828e+00, 0.000000000000000000e+00
0.000000000000000000e+00, 0.000000000000000000e+00, 0.000000000000000000e+00, 0.000000000000000000e+00, 7.320696711540222168e-01, 0.000000000000000000e+00, 0.000000000000000000e+00, 4.334532737731933594e+00, 1.952967166900634766e+00, 0.000000000000000000e+00, 6.692188382148742676e-01, 2.300770044326782227e+00, 9.658201217651367188e+00, 8.530602604150772095e-02, 0.000000000000000000e+00, 2.267393589019775391e+00, 5.076785564422607422e+00, 0.000000000000000000e+00, 6.030149459838867188e-01, 0.000000000000000000e+00
0.000000000000000000e+00, 0.000000000000000000e+00, 0.000000000000000000e+00, 0.000000000000000000e+00, 3.085253238677978516e+00, 0.000000000000000000e+00, 0.000000000000000000e+00, 7.680705547332763672e+00, 2.771543502807617188e+00, 0.000000000000000000e+00, 1.565488725900650024e-01, 2.205319881439208984e+00, 1.212288475036621094e+01, 1.533585190773010254e+00, 0.000000000000000000e+00, 3.692072868347167969e+00, 7.104411125183105469e+00, 0.000000000000000000e+00, 2.575409412384033203e-01, 0.000000000000000000e+00
0.000000000000000000e+00, 0.000000000000000000e+00, 0.000000000000000000e+00, 0.000000000000000000e+00, 1.502957820892333984e+00, 0.000000000000000000e+00, 0.000000000000000000e+00, 7.234879970550537109e+00, 3.706566333770751953e+00, 0.000000000000000000e+00, 8.201733231544494629e-01, 2.822176694869995117e+00, 1.624482536315917969e+01, 3.809444904327392578e-01, 0.000000000000000000e+00, 4.174468517303466797e+00, 8.299541473388671875e+00, 0.000000000000000000e+00, 5.981068611145019531e-01, 0.000000000000000000e+00
0.000000000000000000e+00, 0.000000000000000000e+00, 0.000000000000000000e+00, 0.000000000000000000e+00, 2.502648591995239258e+00, 0.000000000000000000e+00, 0.000000000000000000e+00, 8.741000175476074219e+00, 4.196303367614746094e+00, 0.000000000000000000e+00, 1.823690533638000488e+00, 3.904800653457641602e+00, 2.325924873352050781e+01, 1.893873065710067749e-01, 0.000000000000000000e+00, 6.535923004150390625e+00, 1.081922817230224609e+01, 7.489090561866760254e-01, 1.373193144798278809e+00, 0.000000000000000000e+00
0.000000000000000000e+00, 0.000000000000000000e+00, 0.000000000000000000e+00, 7.102496027946472168e-01, 1.075145602226257324e-01, 0.000000000000000000e+00, 0.000000000000000000e+00, 5.215866565704345703e+00, 3.856057882308959961e+00, 0.000000000000000000e+00, 3.245054006576538086e+00, 3.579503059387207031e+00, 2.327496147155761719e+01, 0.000000000000000000e+00, 0.000000000000000000e+00, 5.458910942077636719e+00, 7.939132213592529297e+00, 1.317524671554565430e+00, 2.096250534057617188e+00, 0.000000000000000000e+00
0.000000000000000000e+00, 0.000000000000000000e+00, 0.000000000000000000e+00, 0.000000000000000000e+00, 4.728795051574707031e+00, 0.000000000000000000e+00, 0.000000000000000000e+00, 2.121220588684082031e+01, 1.132621574401855469e+01, 0.000000000000000000e+00, 1.387951374053955078e+00, 6.145660400390625000e+00, 4.576868820190429688e+01, 1.200253844261169434e+00, 0.000000000000000000e+00, 1.287398433685302734e+01, 2.401524734497070312e+01, 0.000000000000000000e+00, 4.386512041091918945e-01, 0.000000000000000000e+00
0.000000000000000000e+00, 0.000000000000000000e+00, 0.000000000000000000e+00, 0.000000000000000000e+00, 3.100037574768066406e+00, 0.000000000000000000e+00, 0.000000000000000000e+00, 6.980882167816162109e+00, 3.071201562881469727e+00, 0.000000000000000000e+00, 6.724336743354797363e-01, 2.175411462783813477e+00, 1.823183441162109375e+01, 9.883168935775756836e-01, 0.000000000000000000e+00, 7.730193138122558594e+00, 8.800512313842773438e+00, 1.753913640975952148e+00, 5.314501523971557617e-01, 0.000000000000000000e+00
0.000000000000000000e+00, 0.000000000000000000e+00, 0.000000000000000000e+00, 2.110717445611953735e-02, 5.715389728546142578e+00, 0.000000000000000000e+00, 0.000000000000000000e+00, 1.035693645477294922e+01, 3.063743591308593750e+00, 0.000000000000000000e+00, 5.554993748664855957e-01, 1.732455134391784668e+00, 1.798531913757324219e+01, 2.899167776107788086e+00, 0.000000000000000000e+00, 6.453749656677246094e+00, 8.851626396179199219e+00, 1.166794180870056152e+00, 6.548403501510620117e-01, 0.000000000000000000e+00
0.000000000000000000e+00, 6.325704574584960938e+00, 0.000000000000000000e+00, 1.559204161167144775e-01, 5.705690860748291016e+00, 1.462518119812011719e+01, 0.000000000000000000e+00, 2.518306255340576172e+00, 0.000000000000000000e+00, 0.000000000000000000e+00, 2.707866430282592773e+00, 2.200827300548553467e-01, 2.455152511596679688e+00, 1.473156929016113281e+00, 2.596095323562622070e+00, 0.000000000000000000e+00, 0.000000000000000000e+00, 0.000000000000000000e+00, 1.860447168350219727e+00, 0.000000000000000000e+00
4.432244598865509033e-02, 5.523117542266845703e+00, 0.000000000000000000e+00, 6.459630280733108521e-02, 4.550353527069091797e+00, 1.201303577423095703e+01, 0.000000000000000000e+00, 1.740888237953186035e+00, 0.000000000000000000e+00, 0.000000000000000000e+00, 1.845869302749633789e+00, 0.000000000000000000e+00, 1.217347741127014160e+00, 1.142610907554626465e+00, 2.440628767013549805e+00, 8.304245471954345703e-01, 0.000000000000000000e+00, 0.000000000000000000e+00, 1.287257075309753418e+00, 0.000000000000000000e+00
0.000000000000000000e+00, 4.865991115570068359e+00, 0.000000000000000000e+00, 4.911480471491813660e-02, 4.237329959869384766e+00, 9.555274009704589844e+00, 0.000000000000000000e+00, 1.887325882911682129e+00, 0.000000000000000000e+00, 0.000000000000000000e+00, 9.300478100776672363e-01, 0.000000000000000000e+00, 4.450833499431610107e-01, 1.491710543632507324e+00, 2.347104310989379883e+00, 3.258088827133178711e+00, 0.000000000000000000e+00, 0.000000000000000000e+00, 6.913028955459594727e-01, 0.000000000000000000e+00
6.732828915119171143e-02, 6.211965084075927734e+00, 0.000000000000000000e+00, 1.292696297168731689e-01, 4.570722103118896484e+00, 1.361249828338623047e+01, 0.000000000000000000e+00, 1.212471604347229004e+00, 0.000000000000000000e+00, 0.000000000000000000e+00, 2.337612390518188477e+00, 0.000000000000000000e+00, 1.281406760215759277e+00, 7.983541488647460938e-01, 2.602165937423706055e+00, 4.448940157890319824e-01, 0.000000000000000000e+00, 0.000000000000000000e+00, 1.485195279121398926e+00, 0.000000000000000000e+00
5.307060480117797852e-02, 6.002165317535400391e+00, 0.000000000000000000e+00, 2.764684148132801056e-02, 4.750651836395263672e+00, 1.260130786895751953e+01, 0.000000000000000000e+00, 1.739274740219116211e+00, 0.000000000000000000e+00, 0.000000000000000000e+00, 1.678753733634948730e+00, 0.000000000000000000e+00, 8.365345001220703125e-01, 1.226182103157043457e+00, 2.743570327758789062e+00, 2.038835287094116211e+00, 0.000000000000000000e+00, 0.000000000000000000e+00, 1.137668728828430176e+00, 0.000000000000000000e+00
0.000000000000000000e+00, 4.411158084869384766e+00, 0.000000000000000000e+00, 0.000000000000000000e+00, 1.773109436035156250e+01, 9.606905937194824219e+00, 0.000000000000000000e+00, 1.951529312133789062e+01, 1.069610118865966797e+00, 0.000000000000000000e+00, 0.000000000000000000e+00, 5.424454808235168457e-01, 1.294882011413574219e+01, 1.182608032226562500e+01, 2.268137216567993164e+00, 9.320788383483886719e+00, 1.000441837310791016e+01, 1.135787248611450195e+00, 0.000000000000000000e+00, 0.000000000000000000e+00
0.000000000000000000e+00, 4.887357056140899658e-01, 0.000000000000000000e+00, 0.000000000000000000e+00, 8.253298759460449219e+00, 1.877103924751281738e+00, 0.000000000000000000e+00, 1.147551345825195312e+01, 1.889654159545898438e+00, 0.000000000000000000e+00, 0.000000000000000000e+00, 7.784156799316406250e-01, 1.084110069274902344e+01, 5.378208637237548828e+00, 6.652306020259857178e-02, 5.525370597839355469e+00, 7.626649856567382812e+00, 4.881182014942169189e-01, 0.000000000000000000e+00, 0.000000000000000000e+00
0.000000000000000000e+00, 7.071476459503173828e+00, 0.000000000000000000e+00, 0.000000000000000000e+00, 1.080115795135498047e+01, 1.355078983306884766e+01, 0.000000000000000000e+00, 8.032910346984863281e+00, 0.000000000000000000e+00, 0.000000000000000000e+00, 0.000000000000000000e+00, 0.000000000000000000e+00, 2.596977710723876953e+00, 6.075850009918212891e+00, 3.362284660339355469e+00, 7.141299247741699219e+00, 1.867686986923217773e+00, 6.534491777420043945e-01, 3.877152204513549805e-01, 0.000000000000000000e+00
0.000000000000000000e+00, 2.208455562591552734e+00, 0.000000000000000000e+00, 0.000000000000000000e+00, 8.742308616638183594e+00, 3.304413557052612305e+00, 0.000000000000000000e+00, 8.637384414672851562e+00, 2.633855044841766357e-01, 0.000000000000000000e+00, 0.000000000000000000e+00, 0.000000000000000000e+00, 6.471598625183105469e+00, 5.616734981536865234e+00, 9.532481431961059570e-01, 8.154835700988769531e+00, 4.861500263214111328e+00, 1.854355692863464355e+00, 0.000000000000000000e+00, 0.000000000000000000e+00
0.000000000000000000e+00, 2.288922071456909180e+00, 0.000000000000000000e+00, 0.000000000000000000e+00, 1.044965744018554688e+01, 4.614378452301025391e+00, 0.000000000000000000e+00, 1.169965457916259766e+01, 8.446789979934692383e-01, 0.000000000000000000e+00, 0.000000000000000000e+00, 3.014038801193237305e-01, 8.853340148925781250e+00, 6.659444332122802734e+00, 9.387651085853576660e-01, 7.305236816406250000e+00, 6.995253562927246094e+00, 1.202191591262817383e+00, 0.000000000000000000e+00, 0.000000000000000000e+00
0.000000000000000000e+00, 0.000000000000000000e+00, 0.000000000000000000e+00, 0.000000000000000000e+00, 1.304546117782592773e+00, 0.000000000000000000e+00, 0.000000000000000000e+00, 8.537785530090332031e+00, 4.556100368499755859e+00, 0.000000000000000000e+00, 1.436954975128173828e+00, 3.232381105422973633e+00, 2.064555740356445312e+01, 0.000000000000000000e+00, 0.000000000000000000e+00, 4.895212650299072266e+00, 9.828166961669921875e+00, 0.000000000000000000e+00, 7.617321610450744629e-01, 0.000000000000000000e+00
0.000000000000000000e+00, 0.000000000000000000e+00, 0.000000000000000000e+00, 1.098262146115303040e-01, 5.085262060165405273e-01, 0.000000000000000000e+00, 0.000000000000000000e+00, 7.293020725250244141e+00, 4.466925144195556641e+00, 0.000000000000000000e+00, 1.930066347122192383e+00, 3.825508832931518555e+00, 2.106196212768554688e+01, 0.000000000000000000e+00, 0.000000000000000000e+00, 4.423135757446289062e+00, 9.364606857299804688e+00, 8.453451097011566162e-02, 1.173980116844177246e+00, 0.000000000000000000e+00
0.000000000000000000e+00, 0.000000000000000000e+00, 0.000000000000000000e+00, 0.000000000000000000e+00, 2.434934616088867188e+00, 0.000000000000000000e+00, 0.000000000000000000e+00, 1.177624320983886719e+01, 6.275844097137451172e+00, 0.000000000000000000e+00, 1.222422599792480469e+00, 4.028280735015869141e+00, 2.543012619018554688e+01, 3.616678714752197266e-01, 0.000000000000000000e+00, 6.754741668701171875e+00, 1.337416267395019531e+01, 0.000000000000000000e+00, 5.382206439971923828e-01, 0.000000000000000000e+00
0.000000000000000000e+00, 0.000000000000000000e+00, 0.000000000000000000e+00, 0.000000000000000000e+00, 5.668776035308837891e+00, 0.000000000000000000e+00, 0.000000000000000000e+00, 2.671100425720214844e+01, 1.425235652923583984e+01, 0.000000000000000000e+00, 3.458817005157470703e+00, 8.834639549255371094e+00, 5.652080535888671875e+01, 1.089301705360412598e+00, 0.000000000000000000e+00, 1.386235237121582031e+01, 2.945566749572753906e+01, 0.000000000000000000e+00, 1.834558606147766113e+00, 0.000000000000000000e+00
0.000000000000000000e+00, 0.000000000000000000e+00, 0.000000000000000000e+00, 1.502725630998611450e-01, 9.245026111602783203e-01, 0.000000000000000000e+00, 0.000000000000000000e+00, 6.679303646087646484e+00, 3.930652141571044922e+00, 0.000000000000000000e+00, 1.813798785209655762e+00, 3.410909175872802734e+00, 1.959065818786621094e+01, 0.000000000000000000e+00, 0.000000000000000000e+00, 4.518813610076904297e+00, 9.069236755371093750e+00, 3.782165646553039551e-01, 1.211199641227722168e+00, 0.000000000000000000e+00
0.000000000000000000e+00, 0.000000000000000000e+00, 0.000000000000000000e+00, 0.000000000000000000e+00, 1.611055612564086914e+00, 0.000000000000000000e+00, 0.000000000000000000e+00, 5.713655948638916016e+00, 2.539494037628173828e+00, 0.000000000000000000e+00, 4.535572528839111328e-01, 1.886525750160217285e+00, 1.149878597259521484e+01, 5.418854951858520508e-01, 0.000000000000000000e+00, 3.294155359268188477e+00, 6.011681556701660156e+00, 0.000000000000000000e+00, 2.826193571090698242e-01, 0.000000000000000000e+00
0.000000000000000000e+00, 0.000000000000000000e+00, 0.000000000000000000e+00, 0.000000000000000000e+00, 1.927911043167114258e-01, 0.000000000000000000e+00, 0.000000000000000000e+00, 4.083477497100830078e+00, 2.545279979705810547e+00, 0.000000000000000000e+00, 9.721491336822509766e-01, 2.303596496582031250e+00, 1.201824474334716797e+01, 0.000000000000000000e+00, 0.000000000000000000e+00, 3.042763471603393555e+00, 5.734426498413085938e+00, 1.213513761758804321e-01, 6.205006837844848633e-01, 0.000000000000000000e+00
0.000000000000000000e+00, 0.000000000000000000e+00, 0.000000000000000000e+00, 0.000000000000000000e+00, 8.311307430267333984e-02, 0.000000000000000000e+00, 0.000000000000000000e+00, 5.462053775787353516e+00, 3.481390953063964844e+00, 0.000000000000000000e+00, 1.120500326156616211e+00, 3.031275272369384766e+00, 1.573172664642333984e+01, 0.000000000000000000e+00, 0.000000000000000000e+00, 4.158996582031250000e+00, 7.651743888854980469e+00, 1.721563190221786499e-01, 7.737682461738586426e-01, 0.000000000000000000e+00
0.000000000000000000e+00, 0.000000000000000000e+00, 0.000000000000000000e+00, 0.000000000000000000e+00, 8.660082817077636719e-01, 0.000000000000000000e+00, 0.000000000000000000e+00, 3.556252479553222656e+00, 1.747837424278259277e+00, 0.000000000000000000e+00, 5.378961563110351562e-01, 1.357577443122863770e+00, 8.791785240173339844e+00, 8.017079532146453857e-02, 0.000000000000000000e+00, 2.838556766510009766e+00, 4.280845165252685547e+00, 2.630663812160491943e-01, 3.207761347293853760e-01, 0.000000000000000000e+00
0.000000000000000000e+00, 0.000000000000000000e+00, 0.000000000000000000e+00, 0.000000000000000000e+00, 2.194967865943908691e-01, 0.000000000000000000e+00, 0.000000000000000000e+00, 5.749478816986083984e+00, 3.076916217803955078e+00, 0.000000000000000000e+00, 1.211953878402709961e+00, 3.159296274185180664e+00, 1.396401882171630859e+01, 0.000000000000000000e+00, 0.000000000000000000e+00, 2.518266439437866211e+00, 7.031994819641113281e+00, 0.000000000000000000e+00, 8.905664682388305664e-01, 0.000000000000000000e+00
0.000000000000000000e+00, 0.000000000000000000e+00, 0.000000000000000000e+00, 0.000000000000000000e+00, 2.231236696243286133e+00, 0.000000000000000000e+00, 0.000000000000000000e+00, 1.507718849182128906e+01, 8.974245071411132812e+00, 0.000000000000000000e+00, 1.697330117225646973e+00, 5.416513442993164062e+00, 3.819813919067382812e+01, 0.000000000000000000e+00, 0.000000000000000000e+00, 1.071258926391601562e+01, 1.902719306945800781e+01, 2.422143965959548950e-01, 8.071124553680419922e-01, 0.000000000000000000e+00
0.000000000000000000e+00, 0.000000000000000000e+00, 0.000000000000000000e+00, 0.000000000000000000e+00, 1.704389333724975586e+00, 0.000000000000000000e+00, 0.000000000000000000e+00, 1.480171871185302734e+01, 8.417856216430664062e+00, 0.000000000000000000e+00, 1.615214705467224121e+00, 6.167915821075439453e+00, 3.437803268432617188e+01, 0.000000000000000000e+00, 0.000000000000000000e+00, 8.471792221069335938e+00, 1.820438957214355469e+01, 0.000000000000000000e+00, 8.852796554565429688e-01, 0.000000000000000000e+00
0.000000000000000000e+00, 0.000000000000000000e+00, 0.000000000000000000e+00, 0.000000000000000000e+00, 5.227509140968322754e-01, 0.000000000000000000e+00, 0.000000000000000000e+00, 1.213244056701660156e+01, 7.364284038543701172e+00, 0.000000000000000000e+00, 1.941982388496398926e+00, 5.843416213989257812e+00, 3.130244636535644531e+01, 0.000000000000000000e+00, 0.000000000000000000e+00, 7.106374740600585938e+00, 1.577710056304931641e+01, 0.000000000000000000e+00, 1.165124535560607910e+00, 0.000000000000000000e+00
0.000000000000000000e+00, 0.000000000000000000e+00, 0.000000000000000000e+00, 0.000000000000000000e+00, 2.402199745178222656e+00, 0.000000000000000000e+00, 0.000000000000000000e+00, 6.417645931243896484e+00, 2.340603590011596680e+00, 0.000000000000000000e+00, 1.230346336960792542e-01, 2.371571779251098633e+00, 1.123472118377685547e+01, 1.098934173583984375e+00, 0.000000000000000000e+00, 3.732854843139648438e+00, 6.645274162292480469e+00, 3.758503869175910950e-02, 3.998309373855590820e-01, 0.000000000000000000e+00
0.000000000000000000e+00, 0.000000000000000000e+00, 0.000000000000000000e+00, 0.000000000000000000e+00, 6.173308849334716797e+00, 0.000000000000000000e+00, 0.000000000000000000e+00, 1.438617324829101562e+01, 5.089497566223144531e+00, 0.000000000000000000e+00, 0.000000000000000000e+00, 3.354233264923095703e+00, 1.955058860778808594e+01, 3.340817689895629883e+00, 0.000000000000000000e+00, 6.449362277984619141e+00, 1.284092330932617188e+01, 0.000000000000000000e+00, 1.291568577289581299e-01, 0.000000000000000000e+00
0.000000000000000000e+00, 3.240011930465698242e+00, 0.000000000000000000e+00, 0.000000000000000000e+00, 1.289787578582763672e+01, 5.916866779327392578e+00, 0.000000000000000000e+00, 1.371232414245605469e+01, 5.906249284744262695e-01, 0.000000000000000000e+00, 0.000000000000000000e+00, 3.062811493873596191e-01, 1.105882835388183594e+01, 8.188055992126464844e+00, 1.055726766586303711e+00, 9.106836318969726562e+00, 8.150568962097167969e+00, 1.998238325119018555e+00, 1.004327088594436646e-03, 0.000000000000000000e+00
0.000000000000000000e+00, 4.602218627929687500e+00, 0.000000000000000000e+00, 0.000000000000000000e+00, 1.979866027832031250e+01, 8.113622665405273438e+00, 0.000000000000000000e+00, 2.135752105712890625e+01, 1.248712778091430664e+00, 0.000000000000000000e+00, 0.000000000000000000e+00, 0.000000000000000000e+00, 1.579275798797607422e+01, 1.311307334899902344e+01, 1.955436229705810547e+00, 1.399969482421875000e+01, 1.223116111755371094e+01, 2.844524383544921875e+00, 0.000000000000000000e+00, 0.000000000000000000e+00
0.000000000000000000e+00, 5.318749904632568359e+00, 0.000000000000000000e+00, 0.000000000000000000e+00, 1.888697814941406250e+01, 9.265749931335449219e+00, 0.000000000000000000e+00, 1.973698997497558594e+01, 6.521222591400146484e-01, 0.000000000000000000e+00, 0.000000000000000000e+00, 0.000000000000000000e+00, 1.263369846343994141e+01, 1.238153648376464844e+01, 2.349267244338989258e+00, 1.358278083801269531e+01, 1.059066867828369141e+01, 2.345020771026611328e+00, 0.000000000000000000e+00, 0.000000000000000000e+00
0.000000000000000000e+00, 1.919380903244018555e+00, 0.000000000000000000e+00, 0.000000000000000000e+00, 1.910338592529296875e+01, 4.312274932861328125e+00, 0.000000000000000000e+00, 2.471803092956542969e+01, 3.328815698623657227e+00, 0.000000000000000000e+00, 0.000000000000000000e+00, 1.122855663299560547e+00, 2.287005043029785156e+01, 1.281066894531250000e+01, 5.734296143054962158e-02, 1.374199581146240234e+01, 1.626322937011718750e+01, 2.357129096984863281e+00, 0.000000000000000000e+00, 0.000000000000000000e+00
0.000000000000000000e+00, 4.578009128570556641e+00, 0.000000000000000000e+00, 0.000000000000000000e+00, 2.006789398193359375e+01, 7.900554180145263672e+00, 0.000000000000000000e+00, 2.123610877990722656e+01, 1.175238847732543945e+00, 0.000000000000000000e+00, 0.000000000000000000e+00, 0.000000000000000000e+00, 1.502515220642089844e+01, 1.333854293823242188e+01, 1.886676311492919922e+00, 1.468486309051513672e+01, 1.228091049194335938e+01, 3.110380172729492188e+00, 0.000000000000000000e+00, 0.000000000000000000e+00
0.000000000000000000e+00, 2.453562498092651367e+00, 0.000000000000000000e+00, 8.851019740104675293e-01, 2.669048786163330078e+00, 5.714045047760009766e+00, 0.000000000000000000e+00, 1.367458224296569824e+00, 0.000000000000000000e+00, 0.000000000000000000e+00, 2.443980216979980469e+00, 2.725639939308166504e-01, 5.058929920196533203e+00, 3.942306637763977051e-01, 3.769431710243225098e-01, 0.000000000000000000e+00, 0.000000000000000000e+00, 3.832719027996063232e-01, 1.539954543113708496e+00, 0.000000000000000000e+00
0.000000000000000000e+00, 5.143500328063964844e+00, 0.000000000000000000e+00, 2.268337160348892212e-01, 4.952142238616943359e+00, 1.254348087310791016e+01, 0.000000000000000000e+00, 2.318152666091918945e+00, 0.000000000000000000e+00, 0.000000000000000000e+00, 2.603962182998657227e+00, 6.195677518844604492e-01, 2.802916049957275391e+00, 1.347626566886901855e+00, 1.937916517257690430e+00, 0.000000000000000000e+00, 0.000000000000000000e+00, 0.000000000000000000e+00, 1.860381245613098145e+00, 0.000000000000000000e+00
0.000000000000000000e+00, 1.895465373992919922e+00, 0.000000000000000000e+00, 1.105981394648551941e-01, 3.903214454650878906e+00, 2.809747695922851562e+00, 0.000000000000000000e+00, 3.041353702545166016e+00, 0.000000000000000000e+00, 0.000000000000000000e+00, 0.000000000000000000e+00, 0.000000000000000000e+00, 2.229426860809326172e+00, 2.306537389755249023e+00, 7.850758433341979980e-01, 4.977732658386230469e+00, 1.092246294021606445e+00, 1.190715551376342773e+00, 0.000000000000000000e+00, 0.000000000000000000e+00
0.000000000000000000e+00, 2.946146011352539062e+00, 0.000000000000000000e+00, 4.363830089569091797e-01, 3.547687053680419922e+00, 5.497485637664794922e+00, 0.000000000000000000e+00, 1.854649424552917480e+00, 0.000000000000000000e+00, 0.000000000000000000e+00, 1.232353925704956055e+00, 0.000000000000000000e+00, 2.735138416290283203e+00, 1.361803174018859863e+00, 9.650180935859680176e-01, 2.849229335784912109e+00, 0.000000000000000000e+00, 7.970304489135742188e-01, 6.797642111778259277e-01, 0.000000000000000000e+00
0.000000000000000000e+00, 2.175605773925781250e+00, 0.000000000000000000e+00, 1.501280814409255981e-01, 3.679588079452514648e+00, 3.522083282470703125e+00, 0.000000000000000000e+00, 2.920548439025878906e+00, 0.000000000000000000e+00, 0.000000000000000000e+00, 0.000000000000000000e+00, 0.000000000000000000e+00, 1.772384285926818848e+00, 2.113026142120361328e+00, 9.872317314147949219e-01, 3.948050260543823242e+00, 7.464689016342163086e-01, 7.677124738693237305e-01, 7.544060051441192627e-02, 0.000000000000000000e+00
0.000000000000000000e+00, 0.000000000000000000e+00, 0.000000000000000000e+00, 3.068330287933349609e-01, 3.317804336547851562e+00, 0.000000000000000000e+00, 0.000000000000000000e+00, 8.592543601989746094e+00, 4.216952323913574219e+00, 0.000000000000000000e+00, 9.529106616973876953e-01, 1.616542696952819824e+00, 2.238435554504394531e+01, 7.979567050933837891e-01, 0.000000000000000000e+00, 8.656886100769042969e+00, 9.961104393005371094e+00, 1.701195001602172852e+00, 4.262552559375762939e-01, 0.000000000000000000e+00
0.000000000000000000e+00, 0.000000000000000000e+00, 0.000000000000000000e+00, 0.000000000000000000e+00, 9.506385803222656250e+00, 0.000000000000000000e+00, 0.000000000000000000e+00, 2.235566520690917969e+01, 9.106078147888183594e+00, 0.000000000000000000e+00, 3.503361940383911133e-01, 4.952191829681396484e+00, 4.134796905517578125e+01, 4.272024631500244141e+00, 0.000000000000000000e+00, 1.551302719116210938e+01, 2.204350852966308594e+01, 9.114886522293090820e-01, 1.902293115854263306e-01, 0.000000000000000000e+00
0.000000000000000000e+00, 0.000000000000000000e+00, 0.000000000000000000e+00, 0.000000000000000000e+00, 0.000000000000000000e+00, 0.000000000000000000e+00, 0.000000000000000000e+00, 2.296209907531738281e+01, 1.417802333831787109e+01, 0.000000000000000000e+00, 5.675157070159912109e+00, 1.397699260711669922e+01, 6.312842941284179688e+01, 0.000000000000000000e+00, 0.000000000000000000e+00, 1.104264163970947266e+01, 3.104145240783691406e+01, 0.000000000000000000e+00, 4.511550903320312500e+00, 0.000000000000000000e+00
0.000000000000000000e+00, 0.000000000000000000e+00, 0.000000000000000000e+00, 0.000000000000000000e+00, 6.212897777557373047e+00, 0.000000000000000000e+00, 0.000000000000000000e+00, 1.520476818084716797e+01, 5.818521022796630859e+00, 0.000000000000000000e+00, 7.698979228734970093e-02, 3.268153429031372070e+00, 2.683066558837890625e+01, 3.280005216598510742e+00, 0.000000000000000000e+00, 9.180905342102050781e+00, 1.514827632904052734e+01, 5.029769539833068848e-01, 5.650171637535095215e-01, 0.000000000000000000e+00
0.000000000000000000e+00, 0.000000000000000000e+00, 0.000000000000000000e+00, 0.000000000000000000e+00, 2.404233932495117188e+00, 0.000000000000000000e+00, 0.000000000000000000e+00, 1.032304954528808594e+01, 5.292066574096679688e+00, 0.000000000000000000e+00, 1.054784178733825684e+00, 3.667607069015502930e+00, 2.337455940246582031e+01, 4.837137460708618164e-01, 0.000000000000000000e+00, 7.034706592559814453e+00, 1.197808647155761719e+01, 1.739972978830337524e-01, 6.573803424835205078e-01, 0.000000000000000000e+00
0.000000000000000000e+00, 0.000000000000000000e+00, 0.000000000000000000e+00, 0.000000000000000000e+00, 8.539388656616210938e+00, 0.000000000000000000e+00, 0.000000000000000000e+00, 1.308353042602539062e+01, 3.592523813247680664e+00, 0.000000000000000000e+00, 0.000000000000000000e+00, 8.004674911499023438e-01, 1.897604942321777344e+01, 4.638091087341308594e+00, 0.000000000000000000e+00, 9.112286567687988281e+00, 1.040287113189697266e+01, 1.260593056678771973e+00, 0.000000000000000000e+00, 0.000000000000000000e+00
0.000000000000000000e+00, 0.000000000000000000e+00, 0.000000000000000000e+00, 0.000000000000000000e+00, 5.734536170959472656e+00, 0.000000000000000000e+00, 0.000000000000000000e+00, 2.190328025817871094e+01, 1.069461250305175781e+01, 0.000000000000000000e+00, 1.581641077995300293e+00, 7.304994106292724609e+00, 4.438573837280273438e+01, 1.821547389030456543e+00, 0.000000000000000000e+00, 1.223159885406494141e+01, 2.438204002380371094e+01, 0.000000000000000000e+00, 1.022864222526550293e+00, 0.000000000000000000e+00
0.000000000000000000e+00, 0.000000000000000000e+00, 0.000000000000000000e+00, 0.000000000000000000e+00, 1.003759670257568359e+01, 0.000000000000000000e+00, 0.000000000000000000e+00, 1.496379375457763672e+01, 4.256992816925048828e+00, 0.000000000000000000e+00, 0.000000000000000000e+00, 1.006982088088989258e+00, 1.985072135925292969e+01, 5.479630947113037109e+00, 0.000000000000000000e+00, 1.266148853302001953e+01, 1.238779926300048828e+01, 1.474050641059875488e+00, 0.000000000000000000e+00, 0.000000000000000000e+00
0.000000000000000000e+00, 0.000000000000000000e+00, 0.000000000000000000e+00, 0.000000000000000000e+00, 8.944886326789855957e-01, 0.000000000000000000e+00, 0.000000000000000000e+00, 3.320576477050781250e+01, 2.057960128784179688e+01, 0.000000000000000000e+00, 6.187718391418457031e+00, 1.563475704193115234e+01, 8.709764099121093750e+01, 0.000000000000000000e+00, 0.000000000000000000e+00, 1.827695846557617188e+01, 4.328897857666015625e+01, 0.000000000000000000e+00, 3.503880977630615234e+00, 0.000000000000000000e+00
0.000000000000000000e+00, 0.000000000000000000e+00, 0.000000000000000000e+00, 0.000000000000000000e+00, 4.177706718444824219e+00, 0.000000000000000000e+00, 0.000000000000000000e+00, 2.020513534545898438e+01, 1.119693470001220703e+01, 0.000000000000000000e+00, 1.407045006752014160e+00, 5.707372665405273438e+00, 4.419961547851562500e+01, 4.886394739151000977e-01, 0.000000000000000000e+00, 1.434332370758056641e+01, 2.374650764465332031e+01, 0.000000000000000000e+00, 4.728947877883911133e-01, 0.000000000000000000e+00
0.000000000000000000e+00, 0.000000000000000000e+00, 0.000000000000000000e+00, 0.000000000000000000e+00, 0.000000000000000000e+00, 0.000000000000000000e+00, 0.000000000000000000e+00, 1.566603374481201172e+01, 9.546476364135742188e+00, 0.000000000000000000e+00, 3.880649328231811523e+00, 9.252638816833496094e+00, 4.315114974975585938e+01, 0.000000000000000000e+00, 0.000000000000000000e+00, 7.618432044982910156e+00, 2.108930397033691406e+01, 0.000000000000000000e+00, 2.985892295837402344e+00, 0.000000000000000000e+00
0.000000000000000000e+00, 0.000000000000000000e+00, 0.000000000000000000e+00, 0.000000000000000000e+00, 1.348853111267089844e-04, 0.000000000000000000e+00, 0.000000000000000000e+00, 1.127548789978027344e+01, 7.293148994445800781e+00, 0.000000000000000000e+00, 2.439382553100585938e+00, 6.206970214843750000e+00, 3.238062286376953125e+01, 0.000000000000000000e+00, 0.000000000000000000e+00, 7.766520977020263672e+00, 1.575528049468994141e+01, 0.000000000000000000e+00, 1.510856032371520996e+00, 0.000000000000000000e+00
0.000000000000000000e+00, 0.000000000000000000e+00, 0.000000000000000000e+00, 2.787683606147766113e-01, 0.000000000000000000e+00, 0.000000000000000000e+00, 0.000000000000000000e+00, 1.530923938751220703e+01, 1.154508018493652344e+01, 0.000000000000000000e+00, 5.943264484405517578e+00, 1.069369125366210938e+01, 5.447300720214843750e+01, 0.000000000000000000e+00, 0.000000000000000000e+00, 9.238492965698242188e+00, 2.379498291015625000e+01, 3.932537510991096497e-02, 3.856751918792724609e+00, 0.000000000000000000e+00
0.000000000000000000e+00, 0.000000000000000000e+00, 0.000000000000000000e+00, 2.835948020219802856e-02, 0.000000000000000000e+00, 0.000000000000000000e+00, 0.000000000000000000e+00, 1.066596221923828125e+01, 9.111978530883789062e+00, 0.000000000000000000e+00, 5.379588603973388672e+00, 9.239319801330566406e+00, 4.661380767822265625e+01, 0.000000000000000000e+00, 0.000000000000000000e+00, 9.657158851623535156e+00, 1.951910209655761719e+01, 1.580640077590942383e+00, 3.508563041687011719e+00, 0.000000000000000000e+00
0.000000000000000000e+00, 0.000000000000000000e+00, 0.000000000000000000e+00, 0.000000000000000000e+00, 3.491023063659667969e+00, 0.000000000000000000e+00, 0.000000000000000000e+00, 2.903417396545410156e+01, 1.410898685455322266e+01, 0.000000000000000000e+00, 7.690144538879394531e+00, 1.637608528137207031e+01, 6.851908874511718750e+01, 0.000000000000000000e+00, 0.000000000000000000e+00, 6.653563499450683594e+00, 3.335042572021484375e+01, 0.000000000000000000e+00, 6.556216239929199219e+00, 0.000000000000000000e+00
1.767416298389434814e-02, 4.985261917114257812e+00, 0.000000000000000000e+00, 1.578653454780578613e-01, 3.681837558746337891e+00, 1.135993099212646484e+01, 0.000000000000000000e+00, 9.332730174064636230e-01, 0.000000000000000000e+00, 0.000000000000000000e+00, 2.228068351745605469e+00, 2.204478383064270020e-01, 1.549578785896301270e+00, 4.263651967048645020e-01, 1.948014378547668457e+00, 0.000000000000000000e+00, 0.000000000000000000e+00, 0.000000000000000000e+00, 1.511494755744934082e+00, 0.000000000000000000e+00
7.276271283626556396e-02, 4.159116268157958984e+00, 0.000000000000000000e+00, 1.704743057489395142e-01, 3.641407966613769531e+00, 8.428363800048828125e+00, 0.000000000000000000e+00, 1.354761481285095215e+00, 0.000000000000000000e+00, 0.000000000000000000e+00, 1.252785086631774902e+00, 0.000000000000000000e+00, 1.147318959236145020e+00, 1.186518788337707520e+00, 1.773282766342163086e+00, 1.791328430175781250e+00, 0.000000000000000000e+00, 2.242971211671829224e-03, 8.466126918792724609e-01, 0.000000000000000000e+00
0.000000000000000000e+00, 3.392818689346313477e+00, 0.000000000000000000e+00, 1.088137403130531311e-01, 4.732193470001220703e+00, 7.475878715515136719e+00, 0.000000000000000000e+00, 3.218103408813476562e+00, 0.000000000000000000e+00, 0.000000000000000000e+00, 9.510804414749145508e-01, 7.151235640048980713e-02, 2.200867652893066406e+00, 2.017248868942260742e+00, 1.515584707260131836e+00, 1.347717285156250000e+00, 3.865898847579956055e-01, 0.000000000000000000e+00, 7.625247836112976074e-01, 0.000000000000000000e+00
0.000000000000000000e+00, 2.903845071792602539e+00, 0.000000000000000000e+00, 0.000000000000000000e+00, 1.145432949066162109e+01, 4.639607906341552734e+00, 0.000000000000000000e+00, 1.241917133331298828e+01, 6.069945096969604492e-01, 0.000000000000000000e+00, 0.000000000000000000e+00, 0.000000000000000000e+00, 8.212169647216796875e+00, 7.684569358825683594e+00, 1.466184735298156738e+00, 9.925019264221191406e+00, 6.736928462982177734e+00, 1.667296051979064941e+00, 0.000000000000000000e+00, 0.000000000000000000e+00
7.586032152175903320e-03, 6.015869617462158203e+00, 0.000000000000000000e+00, 1.455392837524414062e-01, 5.166591167449951172e+00, 1.288961315155029297e+01, 0.000000000000000000e+00, 2.066326856613159180e+00, 0.000000000000000000e+00, 0.000000000000000000e+00, 1.998385310173034668e+00, 0.000000000000000000e+00, 1.344653725624084473e+00, 1.401587605476379395e+00, 2.664252281188964844e+00, 1.397983551025390625e+00, 0.000000000000000000e+00, 0.000000000000000000e+00, 1.378469705581665039e+00, 0.000000000000000000e+00
0.000000000000000000e+00, 2.565300226211547852e+00, 0.000000000000000000e+00, 0.000000000000000000e+00, 1.050277614593505859e+01, 4.462091922760009766e+00, 0.000000000000000000e+00, 1.098999977111816406e+01, 4.907104074954986572e-01, 0.000000000000000000e+00, 0.000000000000000000e+00, 0.000000000000000000e+00, 9.086195945739746094e+00, 6.766742229461669922e+00, 8.800517916679382324e-01, 7.309069156646728516e+00, 5.615319252014160156e+00, 1.734206557273864746e+00, 0.000000000000000000e+00, 0.000000000000000000e+00
0.000000000000000000e+00, 3.180581331253051758e+00, 0.000000000000000000e+00, 2.827709615230560303e-01, 6.517999172210693359e+00, 6.766332149505615234e+00, 0.000000000000000000e+00, 6.046337604522705078e+00, 0.000000000000000000e+00, 0.000000000000000000e+00, 6.782640218734741211e-01, 0.000000000000000000e+00, 4.923155784606933594e+00, 3.517493963241577148e+00, 1.525497674942016602e+00, 3.848606586456298828e+00, 1.584859728813171387e+00, 4.047486186027526855e-01, 5.566443204879760742e-01, 0.000000000000000000e+00
0.000000000000000000e+00, 3.669336080551147461e+00, 0.000000000000000000e+00, 2.025156170129776001e-01, 7.085246086120605469e+00, 7.822689533233642578e+00, 0.000000000000000000e+00, 6.165433406829833984e+00, 0.000000000000000000e+00, 0.000000000000000000e+00, 3.515326976776123047e-01, 0.000000000000000000e+00, 3.755881309509277344e+00, 3.896340131759643555e+00, 1.706761121749877930e+00, 3.090198516845703125e+00, 1.709671974182128906e+00, 1.569790393114089966e-01, 5.796356201171875000e-01, 0.000000000000000000e+00
0.000000000000000000e+00, 3.459293603897094727e+00, 0.000000000000000000e+00, 0.000000000000000000e+00, 5.157607555389404297e+00, 6.836428165435791016e+00, 0.000000000000000000e+00, 4.231309413909912109e+00, 0.000000000000000000e+00, 0.000000000000000000e+00, 6.905733048915863037e-02, 1.467779278755187988e-03, 1.354687333106994629e+00, 2.946150064468383789e+00, 1.833497643470764160e+00, 2.927425861358642578e+00, 7.189895510673522949e-01, 3.529500216245651245e-03, 3.026844859123229980e-01, 0.000000000000000000e+00
0.000000000000000000e+00, 5.197422504425048828e+00, 0.000000000000000000e+00, 1.444911509752273560e-01, 5.125669956207275391e+00, 1.136341381072998047e+01, 0.000000000000000000e+00, 2.438520669937133789e+00, 0.000000000000000000e+00, 0.000000000000000000e+00, 1.675464987754821777e+00, 0.000000000000000000e+00, 1.547892928123474121e+00, 1.797056317329406738e+00, 2.293348550796508789e+00, 1.013561964035034180e+00, 0.000000000000000000e+00, 0.000000000000000000e+00, 1.233849167823791504e+00, 0.000000000000000000e+00
0.000000000000000000e+00, 0.000000000000000000e+00, 0.000000000000000000e+00, 1.864775419235229492e-01, 0.000000000000000000e+00, 0.000000000000000000e+00, 0.000000000000000000e+00, 2.722998380661010742e+00, 2.107273101806640625e+00, 0.000000000000000000e+00, 1.782407164573669434e+00, 3.009102344512939453e+00, 1.359099960327148438e+01, 0.000000000000000000e+00, 0.000000000000000000e+00, 3.131834030151367188e+00, 5.126378536224365234e+00, 1.073348760604858398e+00, 1.561514019966125488e+00, 0.000000000000000000e+00
0.000000000000000000e+00, 0.000000000000000000e+00, 0.000000000000000000e+00, 2.992297410964965820e-01, 4.154683947563171387e-01, 0.000000000000000000e+00, 0.000000000000000000e+00, 7.170426845550537109e+00, 3.438564062118530273e+00, 0.000000000000000000e+00, 3.736585855484008789e+00, 6.093129634857177734e+00, 2.425793647766113281e+01, 0.000000000000000000e+00, 0.000000000000000000e+00, 2.589336872100830078e+00, 9.941307067871093750e+00, 3.254928290843963623e-01, 3.205296277999877930e+00, 0.000000000000000000e+00
0.000000000000000000e+00, 0.000000000000000000e+00, 0.000000000000000000e+00, 0.000000000000000000e+00, 9.381669163703918457e-01, 0.000000000000000000e+00, 0.000000000000000000e+00, 1.211949539184570312e+01, 6.719747543334960938e+00, 0.000000000000000000e+00, 1.907743573188781738e+00, 5.905022621154785156e+00, 2.960697746276855469e+01, 0.000000000000000000e+00, 0.000000000000000000e+00, 6.103565216064453125e+00, 1.501374816894531250e+01, 0.000000000000000000e+00, 1.577868342399597168e+00, 0.000000000000000000e+00
0.000000000000000000e+00, 3.659666180610656738e-01, 0.000000000000000000e+00, 0.000000000000000000e+00, 3.079369068145751953e+00, 9.591544866561889648e-01, 0.000000000000000000e+00, 4.928251743316650391e+00, 1.369133591651916504e+00, 0.000000000000000000e+00, 1.023255467414855957e+00, 2.570236444473266602e+00, 1.207427501678466797e+01, 1.209354996681213379e+00, 0.000000000000000000e+00, 4.019864082336425781e+00, 5.321673393249511719e+00, 1.423035144805908203e+00, 1.398700594902038574e+00, 0.000000000000000000e+00
0.000000000000000000e+00, 0.000000000000000000e+00, 0.000000000000000000e+00, 3.154588937759399414e-01, 0.000000000000000000e+00, 0.000000000000000000e+00, 0.000000000000000000e+00, 3.673497200012207031e+00, 2.741675376892089844e+00, 0.000000000000000000e+00, 3.154621839523315430e+00, 4.612277507781982422e+00, 1.909361076354980469e+01, 0.000000000000000000e+00, 0.000000000000000000e+00, 2.544288635253906250e+00, 6.890848159790039062e+00, 8.406962156295776367e-01, 2.362305641174316406e+00, 0.000000000000000000e+00
0.000000000000000000e+00, 2.551308870315551758e+00, 0.000000000000000000e+00, 6.419072300195693970e-02, 2.699316263198852539e+00, 3.918131351470947266e+00, 0.000000000000000000e+00, 1.569298267364501953e+00, 0.000000000000000000e+00, 0.000000000000000000e+00, 0.000000000000000000e+00, 0.000000000000000000e+00, 2.218078076839447021e-01, 1.309775352478027344e+00, 1.194450736045837402e+00, 4.413755893707275391e+00, 0.000000000000000000e+00, 7.649359107017517090e-01, 4.915802553296089172e-02, 0.000000000000000000e+00
0.000000000000000000e+00, 1.924305200576782227e+00, 0.000000000000000000e+00, 2.377689033746719360e-01, 7.715035915374755859e+00, 3.439822673797607422e+00, 0.000000000000000000e+00, 7.986719608306884766e+00, 5.566244125366210938e-01, 0.000000000000000000e+00, 0.000000000000000000e+00, 0.000000000000000000e+00, 8.232665061950683594e+00, 4.324351787567138672e+00, 6.643099188804626465e-01, 7.550652027130126953e+00, 4.593219757080078125e+00, 1.609474420547485352e+00, 0.000000000000000000e+00, 0.000000000000000000e+00
0.000000000000000000e+00, 4.202851772308349609e+00, 0.000000000000000000e+00, 0.000000000000000000e+00, 1.735260963439941406e+01, 7.441690921783447266e+00, 0.000000000000000000e+00, 1.854766273498535156e+01, 9.714496135711669922e-01, 0.000000000000000000e+00, 0.000000000000000000e+00, 0.000000000000000000e+00, 1.230487918853759766e+01, 1.158496475219726562e+01, 2.069247484207153320e+00, 1.243710613250732422e+01, 9.781052589416503906e+00, 2.046635627746582031e+00, 0.000000000000000000e+00, 0.000000000000000000e+00
0.000000000000000000e+00, 2.963265180587768555e+00, 0.000000000000000000e+00, 0.000000000000000000e+00, 3.619256019592285156e+00, 6.063258171081542969e+00, 0.000000000000000000e+00, 2.517832040786743164e+00, 0.000000000000000000e+00, 0.000000000000000000e+00, 4.114822745323181152e-01, 0.000000000000000000e+00, 8.643538951873779297e-01, 1.770354151725769043e+00, 1.394488453865051270e+00, 1.971355438232421875e+00, 1.044230461120605469e-01, 0.000000000000000000e+00, 4.688939750194549561e-01, 0.000000000000000000e+00
0.000000000000000000e+00, 4.116995811462402344e+00, 0.000000000000000000e+00, 0.000000000000000000e+00, 5.210458278656005859e+00, 7.940257549285888672e+00, 0.000000000000000000e+00, 3.387760162353515625e+00, 0.000000000000000000e+00, 0.000000000000000000e+00, 2.796242833137512207e-01, 0.000000000000000000e+00, 9.070125818252563477e-01, 2.613039731979370117e+00, 1.936294794082641602e+00, 3.485621452331542969e+00, 1.681896150112152100e-01, 2.184265702962875366e-01, 4.236096143722534180e-01, 0.000000000000000000e+00
0.000000000000000000e+00, 3.191553354263305664e+00, 0.000000000000000000e+00, 0.000000000000000000e+00, 7.973073482513427734e+00, 5.457281589508056641e+00, 0.000000000000000000e+00, 7.340146064758300781e+00, 0.000000000000000000e+00, 0.000000000000000000e+00, 0.000000000000000000e+00, 0.000000000000000000e+00, 3.889639616012573242e+00, 4.949114322662353516e+00, 1.521415472030639648e+00, 6.196550369262695312e+00, 3.287676572799682617e+00, 1.098595738410949707e+00, 0.000000000000000000e+00, 0.000000000000000000e+00
0.000000000000000000e+00, 6.405723094940185547e+00, 0.000000000000000000e+00, 2.049111723899841309e-01, 5.468754291534423828e+00, 1.153455638885498047e+01, 0.000000000000000000e+00, 2.054397106170654297e+00, 0.000000000000000000e+00, 0.000000000000000000e+00, 8.511808514595031738e-01, 0.000000000000000000e+00, 1.133592426776885986e-02, 2.169278383255004883e+00, 2.995072126388549805e+00, 5.832609653472900391e+00, 0.000000000000000000e+00, 5.884695053100585938e-01, 5.410279631614685059e-01, 0.000000000000000000e+00
0.000000000000000000e+00, 2.961629152297973633e+00, 0.000000000000000000e+00, 3.051533102989196777e-01, 4.862799167633056641e+00, 4.239181518554687500e+00, 0.000000000000000000e+00, 2.869146823883056641e+00, 0.000000000000000000e+00, 0.000000000000000000e+00, 0.000000000000000000e+00, 0.000000000000000000e+00, 2.510007381439208984e+00, 2.678565740585327148e+00, 1.093619823455810547e+00, 6.245954513549804688e+00, 8.648256063461303711e-01, 1.660888910293579102e+00, 1.753886044025421143e-01, 0.000000000000000000e+00
0.000000000000000000e+00, 3.205392599105834961e+00, 0.000000000000000000e+00, 7.591056227684020996e-01, 3.536660194396972656e+00, 3.328599452972412109e+00, 0.000000000000000000e+00, 1.904525905847549438e-01, 0.000000000000000000e+00, 0.000000000000000000e+00, 5.860439538955688477e-01, 0.000000000000000000e+00, 4.261818408966064453e+00, 9.242328405380249023e-01, 3.348985910415649414e-01, 1.003081703186035156e+01, 2.071164995431900024e-01, 3.565065145492553711e+00, 2.619271576404571533e-01, 0.000000000000000000e+00
0.000000000000000000e+00, 5.083156108856201172e+00, 0.000000000000000000e+00, 0.000000000000000000e+00, 1.154305839538574219e+01, 1.008563137054443359e+01, 0.000000000000000000e+00, 1.058975696563720703e+01, 0.000000000000000000e+00, 0.000000000000000000e+00, 0.000000000000000000e+00, 0.000000000000000000e+00, 6.149196624755859375e+00, 7.005763053894042969e+00, 2.668029069900512695e+00, 6.451873779296875000e+00, 3.749437332153320312e+00, 9.709501862525939941e-01, 2.831973135471343994e-01, 0.000000000000000000e+00
0.000000000000000000e+00, 0.000000000000000000e+00, 0.000000000000000000e+00, 3.328279852867126465e-01, 3.490904808044433594e+00, 0.000000000000000000e+00, 0.000000000000000000e+00, 5.517116069793701172e+00, 1.789419174194335938e+00, 0.000000000000000000e+00, 6.953849792480468750e-01, 7.564918994903564453e-01, 1.214651489257812500e+01, 1.380577445030212402e+00, 0.000000000000000000e+00, 5.390202522277832031e+00, 5.083045959472656250e+00, 1.265008568763732910e+00, 5.343252420425415039e-01, 0.000000000000000000e+00
0.000000000000000000e+00, 3.756174325942993164e+00, 0.000000000000000000e+00, 6.205935031175613403e-02, 1.176189708709716797e+01, 4.769003391265869141e+00, 0.000000000000000000e+00, 1.026059055328369141e+01, 0.000000000000000000e+00, 0.000000000000000000e+00, 0.000000000000000000e+00, 0.000000000000000000e+00, 8.178408622741699219e+00, 7.381151199340820312e+00, 1.323909521102905273e+00, 1.223899936676025391e+01, 5.524215698242187500e+00, 3.324668645858764648e+00, 0.000000000000000000e+00, 0.000000000000000000e+00
0.000000000000000000e+00, 4.065529346466064453e+00, 0.000000000000000000e+00, 0.000000000000000000e+00, 1.673887252807617188e+01, 6.424649238586425781e+00, 0.000000000000000000e+00, 1.725842285156250000e+01, 7.663934230804443359e-01, 0.000000000000000000e+00, 0.000000000000000000e+00, 0.000000000000000000e+00, 1.337047958374023438e+01, 1.084489345550537109e+01, 1.733278870582580566e+00, 1.410325241088867188e+01, 9.277152061462402344e+00, 2.901031970977783203e+00, 0.000000000000000000e+00, 0.000000000000000000e+00
0.000000000000000000e+00, 4.531062602996826172e+00, 0.000000000000000000e+00, 3.626731634140014648e-01, 9.486612319946289062e+00, 9.754001617431640625e+00, 0.000000000000000000e+00, 8.206938743591308594e+00, 0.000000000000000000e+00, 0.000000000000000000e+00, 9.817379713058471680e-01, 0.000000000000000000e+00, 6.594424247741699219e+00, 5.354029178619384766e+00, 1.663052797317504883e+00, 3.190150976181030273e+00, 2.657907247543334961e+00, 6.797538995742797852e-01, 1.060523390769958496e+00, 0.000000000000000000e+00
0.000000000000000000e+00, 3.127702474594116211e+00, 0.000000000000000000e+00, 3.398076444864273071e-02, 1.278768444061279297e+01, 7.382280826568603516e+00, 0.000000000000000000e+00, 1.454431438446044922e+01, 1.064659953117370605e+00, 0.000000000000000000e+00, 0.000000000000000000e+00, 4.488470554351806641e-01, 1.221630954742431641e+01, 8.011052131652832031e+00, 1.297066926956176758e+00, 5.990254402160644531e+00, 7.428723335266113281e+00, 8.866981267929077148e-01, 6.151966452598571777e-01, 0.000000000000000000e+00
0.000000000000000000e+00, 0.000000000000000000e+00, 0.000000000000000000e+00, 0.000000000000000000e+00, 0.000000000000000000e+00, 0.000000000000000000e+00, 0.000000000000000000e+00, 1.922615432739257812e+01, 1.477597236633300781e+01, 0.000000000000000000e+00, 6.097411632537841797e+00, 1.361115169525146484e+01, 6.604106903076171875e+01, 0.000000000000000000e+00, 0.000000000000000000e+00, 1.267474842071533203e+01, 3.084582710266113281e+01, 0.000000000000000000e+00, 4.172989368438720703e+00, 0.000000000000000000e+00
0.000000000000000000e+00, 1.774995774030685425e-01, 0.000000000000000000e+00, 0.000000000000000000e+00, 1.322309780120849609e+01, 7.266286611557006836e-01, 0.000000000000000000e+00, 1.819916534423828125e+01, 3.502037763595581055e+00, 0.000000000000000000e+00, 0.000000000000000000e+00, 4.560920596122741699e-01, 1.891987800598144531e+01, 8.469957351684570312e+00, 0.000000000000000000e+00, 1.180696773529052734e+01, 1.252306079864501953e+01, 1.628667831420898438e+00, 0.000000000000000000e+00, 0.000000000000000000e+00
0.000000000000000000e+00, 0.000000000000000000e+00, 0.000000000000000000e+00, 0.000000000000000000e+00, 3.411170721054077148e+00, 0.000000000000000000e+00, 0.000000000000000000e+00, 3.104708290100097656e+01, 1.962162017822265625e+01, 0.000000000000000000e+00, 2.983021974563598633e+00, 1.348262691497802734e+01, 7.788909912109375000e+01, 0.000000000000000000e+00, 0.000000000000000000e+00, 2.342625045776367188e+01, 4.159961700439453125e+01, 0.000000000000000000e+00, 1.659756779670715332e+00, 0.000000000000000000e+00
0.000000000000000000e+00, 0.000000000000000000e+00, 0.000000000000000000e+00, 0.000000000000000000e+00, 1.995553255081176758e+00, 0.000000000000000000e+00, 0.000000000000000000e+00, 2.830423355102539062e+01, 1.757709503173828125e+01, 0.000000000000000000e+00, 3.795380592346191406e+00, 1.225608062744140625e+01, 6.960444641113281250e+01, 0.000000000000000000e+00, 0.000000000000000000e+00, 1.676892662048339844e+01, 3.609315109252929688e+01, 0.000000000000000000e+00, 1.997108817100524902e+00, 0.000000000000000000e+00
0.000000000000000000e+00, 2.788744211196899414e+00, 0.000000000000000000e+00, 1.594919860363006592e-01, 8.453822135925292969e+00, 2.896971702575683594e+00, 0.000000000000000000e+00, 6.899956703186035156e+00, 0.000000000000000000e+00, 0.000000000000000000e+00, 0.000000000000000000e+00, 0.000000000000000000e+00, 5.907064437866210938e+00, 5.036836147308349609e+00, 9.140245318412780762e-01, 1.213438987731933594e+01, 4.051743984222412109e+00, 3.079941272735595703e+00, 0.000000000000000000e+00, 0.000000000000000000e+00
0.000000000000000000e+00, 1.959170341491699219e+00, 0.000000000000000000e+00, 5.568414926528930664e-01, 3.933738708496093750e+00, 6.125645637512207031e+00, 0.000000000000000000e+00, 4.873106479644775391e+00, 3.066211044788360596e-01, 0.000000000000000000e+00, 2.423022985458374023e+00, 1.819755196571350098e+00, 8.742693901062011719e+00, 1.448749899864196777e+00, 0.000000000000000000e+00, 0.000000000000000000e+00, 2.922166109085083008e+00, 0.000000000000000000e+00, 1.946333289146423340e+00, 0.000000000000000000e+00
0.000000000000000000e+00, 2.055744647979736328e+00, 0.000000000000000000e+00, 0.000000000000000000e+00, 9.153210639953613281e+00, 3.029665470123291016e+00, 0.000000000000000000e+00, 9.442236900329589844e+00, 3.526866436004638672e-01, 0.000000000000000000e+00, 0.000000000000000000e+00, 0.000000000000000000e+00, 7.868792057037353516e+00, 6.044818401336669922e+00, 6.838223934173583984e-01, 8.403815269470214844e+00, 5.442653656005859375e+00, 2.035901546478271484e+00, 0.000000000000000000e+00, 0.000000000000000000e+00
0.000000000000000000e+00, 0.000000000000000000e+00, 0.000000000000000000e+00, 1.478911191225051880e-01, 5.612319469451904297e+00, 9.046335220336914062e-01, 0.000000000000000000e+00, 9.047457695007324219e+00, 2.083419322967529297e+00, 0.000000000000000000e+00, 2.273566126823425293e-01, 9.377032518386840820e-01, 1.245872402191162109e+01, 3.260961532592773438e+00, 0.000000000000000000e+00, 4.017136573791503906e+00, 6.469959259033203125e+00, 3.515016138553619385e-01, 4.049919843673706055e-01, 0.000000000000000000e+00
0.000000000000000000e+00, 4.343352317810058594e-01, 0.000000000000000000e+00, 0.000000000000000000e+00, 6.273787021636962891e+00, 1.546842694282531738e+00, 0.000000000000000000e+00, 8.905776023864746094e+00, 1.438943147659301758e+00, 0.000000000000000000e+00, 0.000000000000000000e+00, 8.380866646766662598e-01, 8.836722373962402344e+00, 4.119567394256591797e+00, 0.000000000000000000e+00, 4.421398639678955078e+00, 5.904999256134033203e+00, 3.695062696933746338e-01, 0.000000000000000000e+00, 0.000000000000000000e+00
0.000000000000000000e+00, 1.451843738555908203e+00, 0.000000000000000000e+00, 0.000000000000000000e+00, 8.623573303222656250e+00, 1.960314512252807617e+00, 0.000000000000000000e+00, 1.004501914978027344e+01, 9.484188556671142578e-01, 0.000000000000000000e+00, 0.000000000000000000e+00, 5.932907760143280029e-02, 8.909312248229980469e+00, 5.630135059356689453e+00, 2.881858944892883301e-01, 8.529188156127929688e+00, 6.529473304748535156e+00, 1.713507413864135742e+00, 0.000000000000000000e+00, 0.000000000000000000e+00
0.000000000000000000e+00, 0.000000000000000000e+00, 0.000000000000000000e+00, 0.000000000000000000e+00, 6.363003253936767578e+00, 9.033548831939697266e-02, 0.000000000000000000e+00, 1.284259605407714844e+01, 3.870179653167724609e+00, 0.000000000000000000e+00, 5.501840710639953613e-01, 3.012615680694580078e+00, 1.998996162414550781e+01, 3.470223665237426758e+00, 0.000000000000000000e+00, 5.849389076232910156e+00, 1.115669059753417969e+01, 1.217041909694671631e-01, 9.170137643814086914e-01, 0.000000000000000000e+00
0.000000000000000000e+00, 0.000000000000000000e+00, 0.000000000000000000e+00, 0.000000000000000000e+00, 2.047270774841308594e+00, 0.000000000000000000e+00, 0.000000000000000000e+00, 1.725801849365234375e+01, 9.166023254394531250e+00, 0.000000000000000000e+00, 2.551738023757934570e+00, 7.232997894287109375e+00, 3.859848403930664062e+01, 0.000000000000000000e+00, 0.000000000000000000e+00, 7.119759082794189453e+00, 2.008921623229980469e+01, 0.000000000000000000e+00, 1.876270651817321777e+00, 0.000000000000000000e+00
0.000000000000000000e+00, 0.000000000000000000e+00, 0.000000000000000000e+00, 0.000000000000000000e+00, 8.546168327331542969e+00, 0.000000000000000000e+00, 0.000000000000000000e+00, 3.083985519409179688e+01, 1.392492294311523438e+01, 0.000000000000000000e+00, 1.019587635993957520e+00, 8.512555122375488281e+00, 5.653108596801757812e+01, 3.580748796463012695e+00, 0.000000000000000000e+00, 1.426933002471923828e+01, 3.207670974731445312e+01, 0.000000000000000000e+00, 9.643229246139526367e-01, 0.000000000000000000e+00
0.000000000000000000e+00, 0.000000000000000000e+00, 0.000000000000000000e+00, 4.040967524051666260e-01, 3.076070547103881836e-02, 0.000000000000000000e+00, 0.000000000000000000e+00, 9.777142524719238281e+00, 5.303245067596435547e+00, 0.000000000000000000e+00, 4.610915184020996094e+00, 8.215950965881347656e+00, 3.256386566162109375e+01, 0.000000000000000000e+00, 0.000000000000000000e+00, 3.570387601852416992e+00, 1.429587364196777344e+01, 3.370361626148223877e-01, 3.895343303680419922e+00, 0.000000000000000000e+00
0.000000000000000000e+00, 0.000000000000000000e+00, 0.000000000000000000e+00, 0.000000000000000000e+00, 5.289887428283691406e+00, 0.000000000000000000e+00, 0.000000000000000000e+00, 2.541545104980468750e+01, 1.212480926513671875e+01, 0.000000000000000000e+00, 2.347271442413330078e+00, 9.829717636108398438e+00, 5.262967300415039062e+01, 1.869797468185424805e+00, 0.000000000000000000e+00, 1.193931865692138672e+01, 2.816877937316894531e+01, 0.000000000000000000e+00, 2.095871686935424805e+00, 0.000000000000000000e+00
0.000000000000000000e+00, 0.000000000000000000e+00, 0.000000000000000000e+00, 0.000000000000000000e+00, 3.803127288818359375e+00, 0.000000000000000000e+00, 0.000000000000000000e+00, 9.897007942199707031e+00, 3.387817621231079102e+00, 0.000000000000000000e+00, 6.800988912582397461e-01, 2.967880487442016602e+00, 1.675958061218261719e+01, 1.927653312683105469e+00, 0.000000000000000000e+00, 3.649722099304199219e+00, 9.103564262390136719e+00, 0.000000000000000000e+00, 9.381451010704040527e-01, 0.000000000000000000e+00
0.000000000000000000e+00, 0.000000000000000000e+00, 0.000000000000000000e+00, 3.788021206855773926e-01, 1.750520706176757812e+00, 0.000000000000000000e+00, 0.000000000000000000e+00, 2.088987159729003906e+01, 1.311426734924316406e+01, 0.000000000000000000e+00, 5.093143939971923828e+00, 9.387629508972167969e+00, 5.960055160522460938e+01, 0.000000000000000000e+00, 0.000000000000000000e+00, 1.330378532409667969e+01, 2.727972030639648438e+01, 0.000000000000000000e+00, 2.475822687149047852e+00, 0.000000000000000000e+00
0.000000000000000000e+00, 0.000000000000000000e+00, 0.000000000000000000e+00, 0.000000000000000000e+00, 3.163555145263671875e+00, 0.000000000000000000e+00, 0.000000000000000000e+00, 1.645918846130371094e+01, 7.860830783843994141e+00, 0.000000000000000000e+00, 1.995984435081481934e+00, 6.026006221771240234e+00, 3.451906204223632812e+01, 8.419836163520812988e-01, 0.000000000000000000e+00, 7.118387699127197266e+00, 1.822096061706542969e+01, 0.000000000000000000e+00, 1.545112967491149902e+00, 0.000000000000000000e+00
0.000000000000000000e+00, 0.000000000000000000e+00, 0.000000000000000000e+00, 0.000000000000000000e+00, 7.431613922119140625e+00, 4.003423452377319336e-01, 0.000000000000000000e+00, 1.211404514312744141e+01, 2.810340404510498047e+00, 0.000000000000000000e+00, 0.000000000000000000e+00, 1.733531832695007324e+00, 1.648711204528808594e+01, 4.545224189758300781e+00, 0.000000000000000000e+00, 5.688125133514404297e+00, 9.291498184204101562e+00, 7.627360820770263672e-01, 4.706806540489196777e-01, 0.000000000000000000e+00
0.000000000000000000e+00, 0.000000000000000000e+00, 0.000000000000000000e+00, 0.000000000000000000e+00, 7.739046216011047363e-01, 0.000000000000000000e+00, 0.000000000000000000e+00, 1.538117027282714844e+01, 8.995260238647460938e+00, 0.000000000000000000e+00, 2.730882406234741211e+00, 7.433748722076416016e+00, 4.026399612426757812e+01, 0.000000000000000000e+00, 0.000000000000000000e+00, 8.126945495605468750e+00, 1.982289886474609375e+01, 0.000000000000000000e+00, 1.928342461585998535e+00, 0.000000000000000000e+00
