0.000000000000000000e+00, 1.198620319366455078e+00, 3.101853132247924805e-01, 2.678863406181335449e-01, 5.116901397705078125e-01, 0.000000000000000000e+00, 0.000000000000000000e+00, 1.252084970474243164e-01, 9.745725393295288086e-01, 0.000000000000000000e+00, 1.251966804265975952e-01, 0.000000000000000000e+00, 5.903391242027282715e-01, 6.888352632522583008e-01, 0.000000000000000000e+00, 0.000000000000000000e+00, 1.241158246994018555e+00, 0.000000000000000000e+00, 0.000000000000000000e+00, 0.000000000000000000e+00
0.000000000000000000e+00, 1.198207974433898926e+00, 3.101705014705657959e-01, 2.680765986442565918e-01, 5.111941695213317871e-01, 0.000000000000000000e+00, 0.000000000000000000e+00, 1.250557601451873779e-01, 9.742335081100463867e-01, 0.000000000000000000e+00, 1.252807229757308960e-01, 0.000000000000000000e+00, 5.900110602378845215e-01, 6.890916824340820312e-01, 0.000000000000000000e+00, 0.000000000000000000e+00, 1.241087198257446289e+00, 0.000000000000000000e+00, 0.000000000000000000e+00, 0.000000000000000000e+00
0.000000000000000000e+00, 1.198623538017272949e+00, 3.102071881294250488e-01, 2.679888904094696045e-01, 5.116004943847656250e-01, 0.000000000000000000e+00, 0.000000000000000000e+00, 1.251939088106155396e-01, 9.745129346847534180e-01, 0.000000000000000000e+00, 1.252215355634689331e-01, 0.000000000000000000e+00, 5.902895927429199219e-01, 6.890065670013427734e-01, 0.000000000000000000e+00, 0.000000000000000000e+00, 1.241281867027282715e+00, 0.000000000000000000e+00, 0.000000000000000000e+00, 0.000000000000000000e+00
0.000000000000000000e+00, 1.199328899383544922e+00, 3.102068006992340088e-01, 2.674325704574584961e-01, 5.126416087150573730e-01, 0.000000000000000000e+00, 0.000000000000000000e+00, 1.255049407482147217e-01, 9.750053882598876953e-01, 0.000000000000000000e+00, 1.250039488077163696e-01, 0.000000000000000000e+00, 5.908225178718566895e-01, 6.880614757537841797e-01, 0.000000000000000000e+00, 0.000000000000000000e+00, 1.241170167922973633e+00, 0.000000000000000000e+00, 0.000000000000000000e+00, 0.000000000000000000e+00
0.000000000000000000e+00, 1.199283003807067871e+00, 3.102641105651855469e-01, 2.675918340682983398e-01, 5.124105811119079590e-01, 0.000000000000000000e+00, 0.000000000000000000e+00, 1.254202574491500854e-01, 9.749161005020141602e-01, 0.000000000000000000e+00, 1.250609010457992554e-01, 0.000000000000000000e+00, 5.907158851623535156e-01, 6.883679628372192383e-01, 0.000000000000000000e+00, 0.000000000000000000e+00, 1.241282701492309570e+00, 0.000000000000000000e+00, 0.000000000000000000e+00, 0.000000000000000000e+00
0.000000000000000000e+00, 1.198793530464172363e+00, 3.102317154407501221e-01, 2.678807675838470459e-01, 5.118350982666015625e-01, 0.000000000000000000e+00, 0.000000000000000000e+00, 1.252522617578506470e-01, 9.746668338775634766e-01, 0.000000000000000000e+00, 1.251780092716217041e-01, 0.000000000000000000e+00, 5.904461145401000977e-01, 6.887543201446533203e-01, 0.000000000000000000e+00, 0.000000000000000000e+00, 1.241265296936035156e+00, 0.000000000000000000e+00, 0.000000000000000000e+00, 0.000000000000000000e+00
0.000000000000000000e+00, 1.199311017990112305e+00, 3.102222383022308350e-01, 2.675347328186035156e-01, 5.125432610511779785e-01, 0.000000000000000000e+00, 0.000000000000000000e+00, 1.254711449146270752e-01, 9.750218391418457031e-01, 0.000000000000000000e+00, 1.250151097774505615e-01, 0.000000000000000000e+00, 5.908317565917968750e-01, 6.882791519165039062e-01, 0.000000000000000000e+00, 0.000000000000000000e+00, 1.241366028785705566e+00, 0.000000000000000000e+00, 0.000000000000000000e+00, 0.000000000000000000e+00
0.000000000000000000e+00, 1.198779225349426270e+00, 3.102278411388397217e-01, 2.679212093353271484e-01, 5.117974877357482910e-01, 0.000000000000000000e+00, 0.000000000000000000e+00, 1.252544969320297241e-01, 9.746154546737670898e-01, 0.000000000000000000e+00, 1.251796483993530273e-01, 0.000000000000000000e+00, 5.904172658920288086e-01, 6.888567209243774414e-01, 0.000000000000000000e+00, 0.000000000000000000e+00, 1.241281390190124512e+00, 0.000000000000000000e+00, 0.000000000000000000e+00, 0.000000000000000000e+00
0.000000000000000000e+00, 1.199690699577331543e+00, 3.102682530879974365e-01, 2.672696113586425781e-01, 5.130794644355773926e-01, 0.000000000000000000e+00, 0.000000000000000000e+00, 1.256536990404129028e-01, 9.752911329269409180e-01, 0.000000000000000000e+00, 1.249165683984756470e-01, 0.000000000000000000e+00, 5.911158323287963867e-01, 6.878483295440673828e-01, 0.000000000000000000e+00, 0.000000000000000000e+00, 1.241275787353515625e+00, 0.000000000000000000e+00, 0.000000000000000000e+00, 0.000000000000000000e+00
0.000000000000000000e+00, 1.198240637779235840e+00, 3.101515173912048340e-01, 2.681348323822021484e-01, 5.112209320068359375e-01, 0.000000000000000000e+00, 0.000000000000000000e+00, 1.250796616077423096e-01, 9.742484092712402344e-01, 0.000000000000000000e+00, 1.252812296152114868e-01, 0.000000000000000000e+00, 5.900282859802246094e-01, 6.892009973526000977e-01, 0.000000000000000000e+00, 0.000000000000000000e+00, 1.241161584854125977e+00, 0.000000000000000000e+00, 0.000000000000000000e+00, 0.000000000000000000e+00
0.000000000000000000e+00, 1.198137044906616211e+00, 3.101529777050018311e-01, 2.682254314422607422e-01, 5.110178589820861816e-01, 0.000000000000000000e+00, 0.000000000000000000e+00, 1.250145733356475830e-01, 9.742010831832885742e-01, 0.000000000000000000e+00, 1.253392100334167480e-01, 0.000000000000000000e+00, 5.899314880371093750e-01, 6.893576383590698242e-01, 0.000000000000000000e+00, 0.000000000000000000e+00, 1.241208910942077637e+00, 0.000000000000000000e+00, 0.000000000000000000e+00, 0.000000000000000000e+00
0.000000000000000000e+00, 1.198731899261474609e+00, 3.101851940155029297e-01, 2.678325772285461426e-01, 5.118270516395568848e-01, 0.000000000000000000e+00, 0.000000000000000000e+00, 1.252655237913131714e-01, 9.746634960174560547e-01, 0.000000000000000000e+00, 1.251893639564514160e-01, 0.000000000000000000e+00, 5.904066562652587891e-01, 6.887814998626708984e-01, 0.000000000000000000e+00, 0.000000000000000000e+00, 1.241230964660644531e+00, 0.000000000000000000e+00, 0.000000000000000000e+00, 0.000000000000000000e+00
0.000000000000000000e+00, 1.198400020599365234e+00, 3.101367652416229248e-01, 2.679016292095184326e-01, 5.114724636077880859e-01, 0.000000000000000000e+00, 0.000000000000000000e+00, 1.251532286405563354e-01, 9.743849039077758789e-01, 0.000000000000000000e+00, 1.252356022596359253e-01, 0.000000000000000000e+00, 5.901947021484375000e-01, 6.888666152954101562e-01, 0.000000000000000000e+00, 0.000000000000000000e+00, 1.241027235984802246e+00, 0.000000000000000000e+00, 0.000000000000000000e+00, 0.000000000000000000e+00
0.000000000000000000e+00, 1.198191404342651367e+00, 3.101622760295867920e-01, 2.681794464588165283e-01, 5.111467242240905762e-01, 0.000000000000000000e+00, 0.000000000000000000e+00, 1.250428855419158936e-01, 9.742207527160644531e-01, 0.000000000000000000e+00, 1.253259181976318359e-01, 0.000000000000000000e+00, 5.900051593780517578e-01, 6.892676353454589844e-01, 0.000000000000000000e+00, 0.000000000000000000e+00, 1.241183876991271973e+00, 0.000000000000000000e+00, 0.000000000000000000e+00, 0.000000000000000000e+00
0.000000000000000000e+00, 1.198997020721435547e+00, 3.102267980575561523e-01, 2.678040266036987305e-01, 5.120962262153625488e-01, 0.000000000000000000e+00, 0.000000000000000000e+00, 1.253485083580017090e-01, 9.747966527938842773e-01, 0.000000000000000000e+00, 1.251464635133743286e-01, 0.000000000000000000e+00, 5.905356407165527344e-01, 6.886783242225646973e-01, 0.000000000000000000e+00, 0.000000000000000000e+00, 1.241329550743103027e+00, 0.000000000000000000e+00, 0.000000000000000000e+00, 0.000000000000000000e+00
0.000000000000000000e+00, 1.198818206787109375e+00, 3.102074861526489258e-01, 2.678099572658538818e-01, 5.119922161102294922e-01, 0.000000000000000000e+00, 0.000000000000000000e+00, 1.253344267606735229e-01, 9.746410846710205078e-01, 0.000000000000000000e+00, 1.251575648784637451e-01, 0.000000000000000000e+00, 5.904840230941772461e-01, 6.886515021324157715e-01, 0.000000000000000000e+00, 0.000000000000000000e+00, 1.241201877593994141e+00, 0.000000000000000000e+00, 0.000000000000000000e+00, 0.000000000000000000e+00
0.000000000000000000e+00, 1.198227882385253906e+00, 3.101804852485656738e-01, 2.681406438350677490e-01, 5.111729502677917480e-01, 0.000000000000000000e+00, 0.000000000000000000e+00, 1.250622272491455078e-01, 9.742922782897949219e-01, 0.000000000000000000e+00, 1.253308355808258057e-01, 0.000000000000000000e+00, 5.900307893753051758e-01, 6.892082095146179199e-01, 0.000000000000000000e+00, 0.000000000000000000e+00, 1.241148710250854492e+00, 0.000000000000000000e+00, 0.000000000000000000e+00, 0.000000000000000000e+00
0.000000000000000000e+00, 1.198284387588500977e+00, 3.101766109466552734e-01, 2.681479156017303467e-01, 5.111860036849975586e-01, 0.000000000000000000e+00, 0.000000000000000000e+00, 1.250575631856918335e-01, 9.743016958236694336e-01, 0.000000000000000000e+00, 1.253129541873931885e-01, 0.000000000000000000e+00, 5.900354981422424316e-01, 6.892162561416625977e-01, 0.000000000000000000e+00, 0.000000000000000000e+00, 1.241203784942626953e+00, 0.000000000000000000e+00, 0.000000000000000000e+00, 0.000000000000000000e+00
0.000000000000000000e+00, 1.197718977928161621e+00, 3.101282119750976562e-01, 2.683953940868377686e-01, 5.105491876602172852e-01, 0.000000000000000000e+00, 0.000000000000000000e+00, 1.248482912778854370e-01, 9.739552736282348633e-01, 0.000000000000000000e+00, 1.254239231348037720e-01, 0.000000000000000000e+00, 5.896587371826171875e-01, 6.896513700485229492e-01, 0.000000000000000000e+00, 0.000000000000000000e+00, 1.241131782531738281e+00, 0.000000000000000000e+00, 0.000000000000000000e+00, 0.000000000000000000e+00
0.000000000000000000e+00, 1.198789715766906738e+00, 3.102347850799560547e-01, 2.679463624954223633e-01, 5.117824077606201172e-01, 0.000000000000000000e+00, 0.000000000000000000e+00, 1.252180188894271851e-01, 9.746446609497070312e-01, 0.000000000000000000e+00, 1.251991689205169678e-01, 0.000000000000000000e+00, 5.903877019882202148e-01, 6.888937950134277344e-01, 0.000000000000000000e+00, 0.000000000000000000e+00, 1.241316676139831543e+00, 0.000000000000000000e+00, 0.000000000000000000e+00, 0.000000000000000000e+00
0.000000000000000000e+00, 1.198867559432983398e+00, 3.102344274520874023e-01, 2.677859067916870117e-01, 5.119814276695251465e-01, 0.000000000000000000e+00, 0.000000000000000000e+00, 1.253098994493484497e-01, 9.747201204299926758e-01, 0.000000000000000000e+00, 1.251196861267089844e-01, 0.000000000000000000e+00, 5.904974937438964844e-01, 6.886913776397705078e-01, 0.000000000000000000e+00, 0.000000000000000000e+00, 1.241261720657348633e+00, 0.000000000000000000e+00, 0.000000000000000000e+00, 0.000000000000000000e+00
0.000000000000000000e+00, 1.199203610420227051e+00, 3.102405667304992676e-01, 2.676416933536529541e-01, 5.123695731163024902e-01, 0.000000000000000000e+00, 0.000000000000000000e+00, 1.254288405179977417e-01, 9.748982191085815430e-01, 0.000000000000000000e+00, 1.250852644443511963e-01, 0.000000000000000000e+00, 5.907018184661865234e-01, 6.884292364120483398e-01, 0.000000000000000000e+00, 0.000000000000000000e+00, 1.241302847862243652e+00, 0.000000000000000000e+00, 0.000000000000000000e+00, 0.000000000000000000e+00
0.000000000000000000e+00, 1.199542522430419922e+00, 3.102345168590545654e-01, 2.674002647399902344e-01, 5.128090381622314453e-01, 0.000000000000000000e+00, 0.000000000000000000e+00, 1.255726367235183716e-01, 9.751385450363159180e-01, 0.000000000000000000e+00, 1.250046044588088989e-01, 0.000000000000000000e+00, 5.909702181816101074e-01, 6.881387829780578613e-01, 0.000000000000000000e+00, 0.000000000000000000e+00, 1.241320013999938965e+00, 0.000000000000000000e+00, 0.000000000000000000e+00, 0.000000000000000000e+00
0.000000000000000000e+00, 1.197666883468627930e+00, 3.101305067539215088e-01, 2.683873772621154785e-01, 5.104958415031433105e-01, 0.000000000000000000e+00, 0.000000000000000000e+00, 1.248252987861633301e-01, 9.738900661468505859e-01, 0.000000000000000000e+00, 1.254373490810394287e-01, 0.000000000000000000e+00, 5.896004438400268555e-01, 6.896625757217407227e-01, 0.000000000000000000e+00, 0.000000000000000000e+00, 1.241085767745971680e+00, 0.000000000000000000e+00, 0.000000000000000000e+00, 0.000000000000000000e+00
0.000000000000000000e+00, 1.198628306388854980e+00, 3.101532161235809326e-01, 2.677362859249114990e-01, 5.117942094802856445e-01, 0.000000000000000000e+00, 0.000000000000000000e+00, 1.252887547016143799e-01, 9.744918346405029297e-01, 0.000000000000000000e+00, 1.251063197851181030e-01, 0.000000000000000000e+00, 5.903564095497131348e-01, 6.886056661605834961e-01, 0.000000000000000000e+00, 0.000000000000000000e+00, 1.241046667098999023e+00, 0.000000000000000000e+00, 0.000000000000000000e+00, 0.000000000000000000e+00
0.000000000000000000e+00, 1.199704766273498535e+00, 3.103008568286895752e-01, 2.672337591648101807e-01, 5.131015777587890625e-01, 0.000000000000000000e+00, 0.000000000000000000e+00, 1.256310790777206421e-01, 9.753564596176147461e-01, 0.000000000000000000e+00, 1.248861402273178101e-01, 0.000000000000000000e+00, 5.911313295364379883e-01, 6.878168582916259766e-01, 0.000000000000000000e+00, 0.000000000000000000e+00, 1.241268157958984375e+00, 0.000000000000000000e+00, 0.000000000000000000e+00, 0.000000000000000000e+00
0.000000000000000000e+00, 1.199651002883911133e+00, 3.102540075778961182e-01, 2.672544419765472412e-01, 5.130103230476379395e-01, 0.000000000000000000e+00, 0.000000000000000000e+00, 1.256476789712905884e-01, 9.752867221832275391e-01, 0.000000000000000000e+00, 1.249234080314636230e-01, 0.000000000000000000e+00, 5.910646915435791016e-01, 6.878379583358764648e-01, 0.000000000000000000e+00, 0.000000000000000000e+00, 1.241296529769897461e+00, 0.000000000000000000e+00, 0.000000000000000000e+00, 0.000000000000000000e+00
0.000000000000000000e+00, 1.199410319328308105e+00, 3.102219104766845703e-01, 2.674115002155303955e-01, 5.126909613609313965e-01, 0.000000000000000000e+00, 0.000000000000000000e+00, 1.255315095186233521e-01, 9.750475883483886719e-01, 0.000000000000000000e+00, 1.249784380197525024e-01, 0.000000000000000000e+00, 5.908957719802856445e-01, 6.880756616592407227e-01, 0.000000000000000000e+00, 0.000000000000000000e+00, 1.241188049316406250e+00, 0.000000000000000000e+00, 0.000000000000000000e+00, 0.000000000000000000e+00
0.000000000000000000e+00, 1.198198080062866211e+00, 3.101587891578674316e-01, 2.681526541709899902e-01, 5.111108422279357910e-01, 0.000000000000000000e+00, 0.000000000000000000e+00, 1.250592619180679321e-01, 9.742738008499145508e-01, 0.000000000000000000e+00, 1.253159344196319580e-01, 0.000000000000000000e+00, 5.899937152862548828e-01, 6.892439126968383789e-01, 0.000000000000000000e+00, 0.000000000000000000e+00, 1.241165399551391602e+00, 0.000000000000000000e+00, 0.000000000000000000e+00, 0.000000000000000000e+00
0.000000000000000000e+00, 1.198398470878601074e+00, 3.101764321327209473e-01, 2.680662274360656738e-01, 5.113466978073120117e-01, 0.000000000000000000e+00, 0.000000000000000000e+00, 1.250985413789749146e-01, 9.743885993957519531e-01, 0.000000000000000000e+00, 1.252710521221160889e-01, 0.000000000000000000e+00, 5.901259183883666992e-01, 6.890987753868103027e-01, 0.000000000000000000e+00, 0.000000000000000000e+00, 1.241250157356262207e+00, 0.000000000000000000e+00, 0.000000000000000000e+00, 0.000000000000000000e+00
0.000000000000000000e+00, 1.198077440261840820e+00, 3.101580739021301270e-01, 2.681945860385894775e-01, 5.109938979148864746e-01, 0.000000000000000000e+00, 0.000000000000000000e+00, 1.249970495700836182e-01, 9.741748571395874023e-01, 0.000000000000000000e+00, 1.253588497638702393e-01, 0.000000000000000000e+00, 5.898970961570739746e-01, 6.893159151077270508e-01, 0.000000000000000000e+00, 0.000000000000000000e+00, 1.241112947463989258e+00, 0.000000000000000000e+00, 0.000000000000000000e+00, 0.000000000000000000e+00
0.000000000000000000e+00, 1.198940157890319824e+00, 3.102347552776336670e-01, 2.678225338459014893e-01, 5.120196938514709473e-01, 0.000000000000000000e+00, 0.000000000000000000e+00, 1.252931952476501465e-01, 9.747247695922851562e-01, 0.000000000000000000e+00, 1.251432001590728760e-01, 0.000000000000000000e+00, 5.904985666275024414e-01, 6.886745691299438477e-01, 0.000000000000000000e+00, 0.000000000000000000e+00, 1.241257548332214355e+00, 0.000000000000000000e+00, 0.000000000000000000e+00, 0.000000000000000000e+00
0.000000000000000000e+00, 1.199143052101135254e+00, 3.102453052997589111e-01, 2.675647437572479248e-01, 5.124167203903198242e-01, 0.000000000000000000e+00, 0.000000000000000000e+00, 1.254496276378631592e-01, 9.749515056610107422e-01, 0.000000000000000000e+00, 1.250835806131362915e-01, 0.000000000000000000e+00, 5.907557010650634766e-01, 6.883468627929687500e-01, 0.000000000000000000e+00, 0.000000000000000000e+00, 1.241212725639343262e+00, 0.000000000000000000e+00, 0.000000000000000000e+00, 0.000000000000000000e+00
0.000000000000000000e+00, 1.198869943618774414e+00, 3.101899623870849609e-01, 2.676964104175567627e-01, 5.120468139648437500e-01, 0.000000000000000000e+00, 0.000000000000000000e+00, 1.252991408109664917e-01, 9.747110605239868164e-01, 0.000000000000000000e+00, 1.251295506954193115e-01, 0.000000000000000000e+00, 5.905013084411621094e-01, 6.885147690773010254e-01, 0.000000000000000000e+00, 0.000000000000000000e+00, 1.241173744201660156e+00, 0.000000000000000000e+00, 0.000000000000000000e+00, 0.000000000000000000e+00
0.000000000000000000e+00, 1.198513150215148926e+00, 3.102142810821533203e-01, 2.679744660854339600e-01, 5.115526914596557617e-01, 0.000000000000000000e+00, 0.000000000000000000e+00, 1.251827180385589600e-01, 9.744625091552734375e-01, 0.000000000000000000e+00, 1.252418905496597290e-01, 0.000000000000000000e+00, 5.902239084243774414e-01, 6.889615058898925781e-01, 0.000000000000000000e+00, 0.000000000000000000e+00, 1.241181612014770508e+00, 0.000000000000000000e+00, 0.000000000000000000e+00, 0.000000000000000000e+00
0.000000000000000000e+00, 1.198230147361755371e+00, 3.101665377616882324e-01, 2.680940032005310059e-01, 5.112016797065734863e-01, 0.000000000000000000e+00, 0.000000000000000000e+00, 1.250811666250228882e-01, 9.742723703384399414e-01, 0.000000000000000000e+00, 1.253049671649932861e-01, 0.000000000000000000e+00, 5.900285243988037109e-01, 6.891632080078125000e-01, 0.000000000000000000e+00, 0.000000000000000000e+00, 1.241129398345947266e+00, 0.000000000000000000e+00, 0.000000000000000000e+00, 0.000000000000000000e+00
0.000000000000000000e+00, 1.198594689369201660e+00, 3.101941049098968506e-01, 2.679997086524963379e-01, 5.115941762924194336e-01, 0.000000000000000000e+00, 0.000000000000000000e+00, 1.251927018165588379e-01, 9.744881391525268555e-01, 0.000000000000000000e+00, 1.252272278070449829e-01, 0.000000000000000000e+00, 5.902721881866455078e-01, 6.889810562133789062e-01, 0.000000000000000000e+00, 0.000000000000000000e+00, 1.241249442100524902e+00, 0.000000000000000000e+00, 0.000000000000000000e+00, 0.000000000000000000e+00
0.000000000000000000e+00, 1.199131608009338379e+00, 3.101778626441955566e-01, 2.675106823444366455e-01, 5.124743580818176270e-01, 0.000000000000000000e+00, 0.000000000000000000e+00, 1.254710555076599121e-01, 9.748895168304443359e-01, 0.000000000000000000e+00, 1.250090301036834717e-01, 0.000000000000000000e+00, 5.907506346702575684e-01, 6.882135868072509766e-01, 0.000000000000000000e+00, 0.000000000000000000e+00, 1.241111516952514648e+00, 0.000000000000000000e+00, 0.000000000000000000e+00, 0.000000000000000000e+00
0.000000000000000000e+00, 1.199203372001647949e+00, 3.102898001670837402e-01, 2.676102519035339355e-01, 5.123862028121948242e-01, 0.000000000000000000e+00, 0.000000000000000000e+00, 1.254385113716125488e-01, 9.749441146850585938e-01, 0.000000000000000000e+00, 1.250555515289306641e-01, 0.000000000000000000e+00, 5.907183885574340820e-01, 6.884086132049560547e-01, 0.000000000000000000e+00, 0.000000000000000000e+00, 1.241300940513610840e+00, 0.000000000000000000e+00, 0.000000000000000000e+00, 0.000000000000000000e+00
0.000000000000000000e+00, 1.198003172874450684e+00, 3.101417124271392822e-01, 2.682847082614898682e-01, 5.108983516693115234e-01, 0.000000000000000000e+00, 0.000000000000000000e+00, 1.249783039093017578e-01, 9.741238355636596680e-01, 0.000000000000000000e+00, 1.253617107868194580e-01, 0.000000000000000000e+00, 5.898409485816955566e-01, 6.894369721412658691e-01, 0.000000000000000000e+00, 0.000000000000000000e+00, 1.241161227226257324e+00, 0.000000000000000000e+00, 0.000000000000000000e+00, 0.000000000000000000e+00
0.000000000000000000e+00, 1.197903633117675781e+00, 3.101638257503509521e-01, 2.683446705341339111e-01, 5.107254385948181152e-01, 0.000000000000000000e+00, 0.000000000000000000e+00, 1.248964220285415649e-01, 9.740532636642456055e-01, 0.000000000000000000e+00, 1.254184395074844360e-01, 0.000000000000000000e+00, 5.897675752639770508e-01, 6.895840167999267578e-01, 0.000000000000000000e+00, 0.000000000000000000e+00, 1.241209387779235840e+00, 0.000000000000000000e+00, 0.000000000000000000e+00, 0.000000000000000000e+00
0.000000000000000000e+00, 1.198239326477050781e+00, 3.101627826690673828e-01, 2.680822014808654785e-01, 5.112735629081726074e-01, 0.000000000000000000e+00, 0.000000000000000000e+00, 1.250944286584854126e-01, 9.742976427078247070e-01, 0.000000000000000000e+00, 1.253124922513961792e-01, 0.000000000000000000e+00, 5.900459885597229004e-01, 6.891176700592041016e-01, 0.000000000000000000e+00, 0.000000000000000000e+00, 1.241120815277099609e+00, 0.000000000000000000e+00, 0.000000000000000000e+00, 0.000000000000000000e+00
0.000000000000000000e+00, 1.198673367500305176e+00, 3.102282881736755371e-01, 2.678778171539306641e-01, 5.117536187171936035e-01, 0.000000000000000000e+00, 0.000000000000000000e+00, 1.252226382493972778e-01, 9.745782613754272461e-01, 0.000000000000000000e+00, 1.252194195985794067e-01, 0.000000000000000000e+00, 5.903400778770446777e-01, 6.888129711151123047e-01, 0.000000000000000000e+00, 0.000000000000000000e+00, 1.241229653358459473e+00, 0.000000000000000000e+00, 0.000000000000000000e+00, 0.000000000000000000e+00
0.000000000000000000e+00, 1.197638988494873047e+00, 3.101387619972229004e-01, 2.683901786804199219e-01, 5.105001330375671387e-01, 0.000000000000000000e+00, 0.000000000000000000e+00, 1.248365789651870728e-01, 9.739280939102172852e-01, 0.000000000000000000e+00, 1.254439949989318848e-01, 0.000000000000000000e+00, 5.896255970001220703e-01, 6.896160840988159180e-01, 0.000000000000000000e+00, 0.000000000000000000e+00, 1.241054654121398926e+00, 0.000000000000000000e+00, 0.000000000000000000e+00, 0.000000000000000000e+00
0.000000000000000000e+00, 1.198316812515258789e+00, 3.101840913295745850e-01, 2.679777443408966064e-01, 5.113723278045654297e-01, 0.000000000000000000e+00, 0.000000000000000000e+00, 1.251077502965927124e-01, 9.743514060974121094e-01, 0.000000000000000000e+00, 1.252760291099548340e-01, 0.000000000000000000e+00, 5.901135206222534180e-01, 6.890082955360412598e-01, 0.000000000000000000e+00, 0.000000000000000000e+00, 1.241066813468933105e+00, 0.000000000000000000e+00, 0.000000000000000000e+00, 0.000000000000000000e+00
0.000000000000000000e+00, 1.199653506278991699e+00, 3.102416694164276123e-01, 2.674017250537872314e-01, 5.129069685935974121e-01, 0.000000000000000000e+00, 0.000000000000000000e+00, 1.256023645401000977e-01, 9.752221107482910156e-01, 0.000000000000000000e+00, 1.249849051237106323e-01, 0.000000000000000000e+00, 5.910340547561645508e-01, 6.880487203598022461e-01, 0.000000000000000000e+00, 0.000000000000000000e+00, 1.241373419761657715e+00, 0.000000000000000000e+00, 0.000000000000000000e+00, 0.000000000000000000e+00
0.000000000000000000e+00, 1.198234200477600098e+00, 3.101587593555450439e-01, 2.681179046630859375e-01, 5.111942291259765625e-01, 0.000000000000000000e+00, 0.000000000000000000e+00, 1.250660419464111328e-01, 9.742443561553955078e-01, 0.000000000000000000e+00, 1.252978146076202393e-01, 0.000000000000000000e+00, 5.900257825851440430e-01, 6.891684532165527344e-01, 0.000000000000000000e+00, 0.000000000000000000e+00, 1.241109967231750488e+00, 0.000000000000000000e+00, 0.000000000000000000e+00, 0.000000000000000000e+00
0.000000000000000000e+00, 1.198026537895202637e+00, 3.101595342159271240e-01, 2.682799100875854492e-01, 5.108829140663146973e-01, 0.000000000000000000e+00, 0.000000000000000000e+00, 1.249400526285171509e-01, 9.741129875183105469e-01, 0.000000000000000000e+00, 1.253830790519714355e-01, 0.000000000000000000e+00, 5.898432135581970215e-01, 6.894370317459106445e-01, 0.000000000000000000e+00, 0.000000000000000000e+00, 1.241186380386352539e+00, 0.000000000000000000e+00, 0.000000000000000000e+00, 0.000000000000000000e+00
0.000000000000000000e+00, 1.198190569877624512e+00, 3.101506233215332031e-01, 2.681653797626495361e-01, 5.111196637153625488e-01, 0.000000000000000000e+00, 0.000000000000000000e+00, 1.250448524951934814e-01, 9.741860628128051758e-01, 0.000000000000000000e+00, 1.253128051757812500e-01, 0.000000000000000000e+00, 5.899657011032104492e-01, 6.892400979995727539e-01, 0.000000000000000000e+00, 0.000000000000000000e+00, 1.241164445877075195e+00, 0.000000000000000000e+00, 0.000000000000000000e+00, 0.000000000000000000e+00
0.000000000000000000e+00, 1.199000120162963867e+00, 3.101978898048400879e-01, 2.677778899669647217e-01, 5.120735764503479004e-01, 0.000000000000000000e+00, 0.000000000000000000e+00, 1.253629922866821289e-01, 9.747728109359741211e-01, 0.000000000000000000e+00, 1.251133382320404053e-01, 0.000000000000000000e+00, 5.905826687812805176e-01, 6.886432766914367676e-01, 0.000000000000000000e+00, 0.000000000000000000e+00, 1.241289734840393066e+00, 0.000000000000000000e+00, 0.000000000000000000e+00, 0.000000000000000000e+00
0.000000000000000000e+00, 1.199253916740417480e+00, 3.101936876773834229e-01, 2.676167786121368408e-01, 5.124384760856628418e-01, 0.000000000000000000e+00, 0.000000000000000000e+00, 1.254488080739974976e-01, 9.749332666397094727e-01, 0.000000000000000000e+00, 1.250809729099273682e-01, 0.000000000000000000e+00, 5.907251834869384766e-01, 6.883909702301025391e-01, 0.000000000000000000e+00, 0.000000000000000000e+00, 1.241311907768249512e+00, 0.000000000000000000e+00, 0.000000000000000000e+00, 0.000000000000000000e+00
0.000000000000000000e+00, 1.197721481323242188e+00, 3.101355433464050293e-01, 2.683734893798828125e-01, 5.105508565902709961e-01, 0.000000000000000000e+00, 0.000000000000000000e+00, 1.248595118522644043e-01, 9.739379882812500000e-01, 0.000000000000000000e+00, 1.254279166460037231e-01, 0.000000000000000000e+00, 5.896425843238830566e-01, 6.896573305130004883e-01, 0.000000000000000000e+00, 0.000000000000000000e+00, 1.241119503974914551e+00, 0.000000000000000000e+00, 0.000000000000000000e+00, 0.000000000000000000e+00
0.000000000000000000e+00, 1.197767853736877441e+00, 3.101203739643096924e-01, 2.683098316192626953e-01, 5.106559395790100098e-01, 0.000000000000000000e+00, 0.000000000000000000e+00, 1.249048858880996704e-01, 9.739595651626586914e-01, 0.000000000000000000e+00, 1.254132986068725586e-01, 0.000000000000000000e+00, 5.897150039672851562e-01, 6.895228624343872070e-01, 0.000000000000000000e+00, 0.000000000000000000e+00, 1.241076111793518066e+00, 0.000000000000000000e+00, 0.000000000000000000e+00, 0.000000000000000000e+00
0.000000000000000000e+00, 1.198655605316162109e+00, 3.101760745048522949e-01, 2.679146230220794678e-01, 5.117486119270324707e-01, 0.000000000000000000e+00, 0.000000000000000000e+00, 1.252197474241256714e-01, 9.746192693710327148e-01, 0.000000000000000000e+00, 1.251991838216781616e-01, 0.000000000000000000e+00, 5.903696417808532715e-01, 6.888055801391601562e-01, 0.000000000000000000e+00, 0.000000000000000000e+00, 1.241188406944274902e+00, 0.000000000000000000e+00, 0.000000000000000000e+00, 0.000000000000000000e+00
0.000000000000000000e+00, 1.197880387306213379e+00, 3.101379573345184326e-01, 2.683120667934417725e-01, 5.107722282409667969e-01, 0.000000000000000000e+00, 0.000000000000000000e+00, 1.249166876077651978e-01, 9.740344285964965820e-01, 0.000000000000000000e+00, 1.254076063632965088e-01, 0.000000000000000000e+00, 5.897674560546875000e-01, 6.894856691360473633e-01, 0.000000000000000000e+00, 0.000000000000000000e+00, 1.241137027740478516e+00, 0.000000000000000000e+00, 0.000000000000000000e+00, 0.000000000000000000e+00
0.000000000000000000e+00, 1.198640465736389160e+00, 3.102181255817413330e-01, 2.679621279239654541e-01, 5.116052627563476562e-01, 0.000000000000000000e+00, 0.000000000000000000e+00, 1.251627355813980103e-01, 9.745563268661499023e-01, 0.000000000000000000e+00, 1.252352297306060791e-01, 0.000000000000000000e+00, 5.903227329254150391e-01, 6.889252662658691406e-01, 0.000000000000000000e+00, 0.000000000000000000e+00, 1.241243243217468262e+00, 0.000000000000000000e+00, 0.000000000000000000e+00, 0.000000000000000000e+00
0.000000000000000000e+00, 1.199159622192382812e+00, 3.102027773857116699e-01, 2.675249576568603516e-01, 5.124342441558837891e-01, 0.000000000000000000e+00, 0.000000000000000000e+00, 1.254655569791793823e-01, 9.748798608779907227e-01, 0.000000000000000000e+00, 1.250182390213012695e-01, 0.000000000000000000e+00, 5.907307863235473633e-01, 6.882337331771850586e-01, 0.000000000000000000e+00, 0.000000000000000000e+00, 1.241160273551940918e+00, 0.000000000000000000e+00, 0.000000000000000000e+00, 0.000000000000000000e+00
0.000000000000000000e+00, 1.198414206504821777e+00, 3.101401627063751221e-01, 2.680161595344543457e-01, 5.114014744758605957e-01, 0.000000000000000000e+00, 0.000000000000000000e+00, 1.251285225152969360e-01, 9.744256734848022461e-01, 0.000000000000000000e+00, 1.252533346414566040e-01, 0.000000000000000000e+00, 5.901514887809753418e-01, 6.890488862991333008e-01, 0.000000000000000000e+00, 0.000000000000000000e+00, 1.241187334060668945e+00, 0.000000000000000000e+00, 0.000000000000000000e+00, 0.000000000000000000e+00
0.000000000000000000e+00, 1.197969436645507812e+00, 3.101395666599273682e-01, 2.682422101497650146e-01, 5.108699798583984375e-01, 0.000000000000000000e+00, 0.000000000000000000e+00, 1.249676495790481567e-01, 9.741157293319702148e-01, 0.000000000000000000e+00, 1.253762692213058472e-01, 0.000000000000000000e+00, 5.898200273513793945e-01, 6.894181966781616211e-01, 0.000000000000000000e+00, 0.000000000000000000e+00, 1.241138458251953125e+00, 0.000000000000000000e+00, 0.000000000000000000e+00, 0.000000000000000000e+00
0.000000000000000000e+00, 1.198363780975341797e+00, 3.101894259452819824e-01, 2.681476771831512451e-01, 5.113099813461303711e-01, 0.000000000000000000e+00, 0.000000000000000000e+00, 1.250889450311660767e-01, 9.743912220001220703e-01, 0.000000000000000000e+00, 1.253242939710617065e-01, 0.000000000000000000e+00, 5.900930166244506836e-01, 6.892113685607910156e-01, 0.000000000000000000e+00, 0.000000000000000000e+00, 1.241274118423461914e+00, 0.000000000000000000e+00, 0.000000000000000000e+00, 0.000000000000000000e+00
0.000000000000000000e+00, 1.197678923606872559e+00, 3.101491034030914307e-01, 2.684188783168792725e-01, 5.105295181274414062e-01, 0.000000000000000000e+00, 0.000000000000000000e+00, 1.248394548892974854e-01, 9.739286899566650391e-01, 0.000000000000000000e+00, 1.254502087831497192e-01, 0.000000000000000000e+00, 5.896357297897338867e-01, 6.896618604660034180e-01, 0.000000000000000000e+00, 0.000000000000000000e+00, 1.241118788719177246e+00, 0.000000000000000000e+00, 0.000000000000000000e+00, 0.000000000000000000e+00
0.000000000000000000e+00, 1.198851943016052246e+00, 3.101648390293121338e-01, 2.676981091499328613e-01, 5.120763778686523438e-01, 0.000000000000000000e+00, 0.000000000000000000e+00, 1.253145188093185425e-01, 9.746642112731933594e-01, 0.000000000000000000e+00, 1.250905692577362061e-01, 0.000000000000000000e+00, 5.905240178108215332e-01, 6.884638667106628418e-01, 0.000000000000000000e+00, 0.000000000000000000e+00, 1.241107225418090820e+00, 0.000000000000000000e+00, 0.000000000000000000e+00, 0.000000000000000000e+00
0.000000000000000000e+00, 1.198468446731567383e+00, 3.101738691329956055e-01, 2.679859101772308350e-01, 5.115022659301757812e-01, 0.000000000000000000e+00, 0.000000000000000000e+00, 1.251706331968307495e-01, 9.743590354919433594e-01, 0.000000000000000000e+00, 1.252207010984420776e-01, 0.000000000000000000e+00, 5.901968479156494141e-01, 6.889997720718383789e-01, 0.000000000000000000e+00, 0.000000000000000000e+00, 1.241176009178161621e+00, 0.000000000000000000e+00, 0.000000000000000000e+00, 0.000000000000000000e+00
0.000000000000000000e+00, 1.199146747589111328e+00, 3.101804256439208984e-01, 2.675293087959289551e-01, 5.123990774154663086e-01, 0.000000000000000000e+00, 0.000000000000000000e+00, 1.254666298627853394e-01, 9.748283624649047852e-01, 0.000000000000000000e+00, 1.250603497028350830e-01, 0.000000000000000000e+00, 5.907341241836547852e-01, 6.882941722869873047e-01, 0.000000000000000000e+00, 0.000000000000000000e+00, 1.241164088249206543e+00, 0.000000000000000000e+00, 0.000000000000000000e+00, 0.000000000000000000e+00
0.000000000000000000e+00, 1.197800755500793457e+00, 3.101554811000823975e-01, 2.683853507041931152e-01, 5.106235146522521973e-01, 0.000000000000000000e+00, 0.000000000000000000e+00, 1.248687654733657837e-01, 9.740030765533447266e-01, 0.000000000000000000e+00, 1.254525184631347656e-01, 0.000000000000000000e+00, 5.896909832954406738e-01, 6.896252632141113281e-01, 0.000000000000000000e+00, 0.000000000000000000e+00, 1.241187334060668945e+00, 0.000000000000000000e+00, 0.000000000000000000e+00, 0.000000000000000000e+00
0.000000000000000000e+00, 1.198814153671264648e+00, 3.102146983146667480e-01, 2.678464949131011963e-01, 5.118831396102905273e-01, 0.000000000000000000e+00, 0.000000000000000000e+00, 1.252732127904891968e-01, 9.746644496917724609e-01, 0.000000000000000000e+00, 1.251720637083053589e-01, 0.000000000000000000e+00, 5.904533863067626953e-01, 6.887737512588500977e-01, 0.000000000000000000e+00, 0.000000000000000000e+00, 1.241270780563354492e+00, 0.000000000000000000e+00, 0.000000000000000000e+00, 0.000000000000000000e+00
0.000000000000000000e+00, 1.199484586715698242e+00, 3.102502822875976562e-01, 2.675363123416900635e-01, 5.126902461051940918e-01, 0.000000000000000000e+00, 0.000000000000000000e+00, 1.255252063274383545e-01, 9.750992059707641602e-01, 0.000000000000000000e+00, 1.250260025262832642e-01, 0.000000000000000000e+00, 5.908890366554260254e-01, 6.882787942886352539e-01, 0.000000000000000000e+00, 0.000000000000000000e+00, 1.241380929946899414e+00, 0.000000000000000000e+00, 0.000000000000000000e+00, 0.000000000000000000e+00
0.000000000000000000e+00, 1.198026418685913086e+00, 3.101183176040649414e-01, 2.681461274623870850e-01, 5.110228657722473145e-01, 0.000000000000000000e+00, 0.000000000000000000e+00, 1.249906271696090698e-01, 9.741446971893310547e-01, 0.000000000000000000e+00, 1.253238469362258911e-01, 0.000000000000000000e+00, 5.898944139480590820e-01, 6.892432570457458496e-01, 0.000000000000000000e+00, 0.000000000000000000e+00, 1.241056442260742188e+00, 0.000000000000000000e+00, 0.000000000000000000e+00, 0.000000000000000000e+00
0.000000000000000000e+00, 1.199006080627441406e+00, 3.102324008941650391e-01, 2.676578462123870850e-01, 5.121751427650451660e-01, 0.000000000000000000e+00, 0.000000000000000000e+00, 1.254019737243652344e-01, 9.747201204299926758e-01, 0.000000000000000000e+00, 1.251256614923477173e-01, 0.000000000000000000e+00, 5.905799865722656250e-01, 6.884524822235107422e-01, 0.000000000000000000e+00, 0.000000000000000000e+00, 1.241162896156311035e+00, 0.000000000000000000e+00, 0.000000000000000000e+00, 0.000000000000000000e+00
0.000000000000000000e+00, 1.197980642318725586e+00, 3.101457953453063965e-01, 2.681846916675567627e-01, 5.109692215919494629e-01, 0.000000000000000000e+00, 0.000000000000000000e+00, 1.249813288450241089e-01, 9.741331338882446289e-01, 0.000000000000000000e+00, 1.253672540187835693e-01, 0.000000000000000000e+00, 5.898676514625549316e-01, 6.892598867416381836e-01, 0.000000000000000000e+00, 0.000000000000000000e+00, 1.241064667701721191e+00, 0.000000000000000000e+00, 0.000000000000000000e+00, 0.000000000000000000e+00
0.000000000000000000e+00, 1.198673367500305176e+00, 3.101962208747863770e-01, 2.678049504756927490e-01, 5.118298530578613281e-01, 0.000000000000000000e+00, 0.000000000000000000e+00, 1.252625286579132080e-01, 9.745879173278808594e-01, 0.000000000000000000e+00, 1.251709312200546265e-01, 0.000000000000000000e+00, 5.903684496879577637e-01, 6.886807680130004883e-01, 0.000000000000000000e+00, 0.000000000000000000e+00, 1.241087913513183594e+00, 0.000000000000000000e+00, 0.000000000000000000e+00, 0.000000000000000000e+00
0.000000000000000000e+00, 1.197662949562072754e+00, 3.101353943347930908e-01, 2.684540152549743652e-01, 5.104820132255554199e-01, 0.000000000000000000e+00, 0.000000000000000000e+00, 1.248205304145812988e-01, 9.739040136337280273e-01, 0.000000000000000000e+00, 1.254508942365646362e-01, 0.000000000000000000e+00, 5.896036624908447266e-01, 6.897335052490234375e-01, 0.000000000000000000e+00, 0.000000000000000000e+00, 1.241147875785827637e+00, 0.000000000000000000e+00, 0.000000000000000000e+00, 0.000000000000000000e+00
0.000000000000000000e+00, 1.199019670486450195e+00, 3.102535903453826904e-01, 2.677279710769653320e-01, 5.121299624443054199e-01, 0.000000000000000000e+00, 0.000000000000000000e+00, 1.253501474857330322e-01, 9.748449325561523438e-01, 0.000000000000000000e+00, 1.251387894153594971e-01, 0.000000000000000000e+00, 5.906076431274414062e-01, 6.885678768157958984e-01, 0.000000000000000000e+00, 0.000000000000000000e+00, 1.241282105445861816e+00, 0.000000000000000000e+00, 0.000000000000000000e+00, 0.000000000000000000e+00
0.000000000000000000e+00, 1.198610067367553711e+00, 3.101984858512878418e-01, 2.680378556251525879e-01, 5.115973949432373047e-01, 0.000000000000000000e+00, 0.000000000000000000e+00, 1.251824349164962769e-01, 9.745327234268188477e-01, 0.000000000000000000e+00, 1.252677440643310547e-01, 0.000000000000000000e+00, 5.902824997901916504e-01, 6.890200376510620117e-01, 0.000000000000000000e+00, 0.000000000000000000e+00, 1.241310596466064453e+00, 0.000000000000000000e+00, 0.000000000000000000e+00, 0.000000000000000000e+00
0.000000000000000000e+00, 1.197822690010070801e+00, 3.101463317871093750e-01, 2.683942914009094238e-01, 5.106264948844909668e-01, 0.000000000000000000e+00, 0.000000000000000000e+00, 1.248652637004852295e-01, 9.740386009216308594e-01, 0.000000000000000000e+00, 1.254347562789916992e-01, 0.000000000000000000e+00, 5.896916985511779785e-01, 6.896629333496093750e-01, 0.000000000000000000e+00, 0.000000000000000000e+00, 1.241205692291259766e+00, 0.000000000000000000e+00, 0.000000000000000000e+00, 0.000000000000000000e+00
0.000000000000000000e+00, 1.198314189910888672e+00, 3.101872503757476807e-01, 2.680426836013793945e-01, 5.112991929054260254e-01, 0.000000000000000000e+00, 0.000000000000000000e+00, 1.250972896814346313e-01, 9.743458032608032227e-01, 0.000000000000000000e+00, 1.253003031015396118e-01, 0.000000000000000000e+00, 5.900886654853820801e-01, 6.890957355499267578e-01, 0.000000000000000000e+00, 0.000000000000000000e+00, 1.241132855415344238e+00, 0.000000000000000000e+00, 0.000000000000000000e+00, 0.000000000000000000e+00
0.000000000000000000e+00, 1.198096394538879395e+00, 3.101660609245300293e-01, 2.682157754898071289e-01, 5.110269784927368164e-01, 0.000000000000000000e+00, 0.000000000000000000e+00, 1.250091493129730225e-01, 9.741827249526977539e-01, 0.000000000000000000e+00, 1.253617256879806519e-01, 0.000000000000000000e+00, 5.899257659912109375e-01, 6.893343925476074219e-01, 0.000000000000000000e+00, 0.000000000000000000e+00, 1.241190314292907715e+00, 0.000000000000000000e+00, 0.000000000000000000e+00, 0.000000000000000000e+00
0.000000000000000000e+00, 1.197867274284362793e+00, 3.101158738136291504e-01, 2.682988345623016357e-01, 5.107659101486206055e-01, 0.000000000000000000e+00, 0.000000000000000000e+00, 1.249128729104995728e-01, 9.740538597106933594e-01, 0.000000000000000000e+00, 1.254072487354278564e-01, 0.000000000000000000e+00, 5.897762775421142578e-01, 6.894540190696716309e-01, 0.000000000000000000e+00, 0.000000000000000000e+00, 1.241095185279846191e+00, 0.000000000000000000e+00, 0.000000000000000000e+00, 0.000000000000000000e+00
0.000000000000000000e+00, 1.198217630386352539e+00, 3.101650774478912354e-01, 2.681630551815032959e-01, 5.111434459686279297e-01, 0.000000000000000000e+00, 0.000000000000000000e+00, 1.250420212745666504e-01, 9.742587804794311523e-01, 0.000000000000000000e+00, 1.253245919942855835e-01, 0.000000000000000000e+00, 5.899908542633056641e-01, 6.892350912094116211e-01, 0.000000000000000000e+00, 0.000000000000000000e+00, 1.241164565086364746e+00, 0.000000000000000000e+00, 0.000000000000000000e+00, 0.000000000000000000e+00
0.000000000000000000e+00, 1.197758436203002930e+00, 3.101112842559814453e-01, 2.683595418930053711e-01, 5.106152296066284180e-01, 0.000000000000000000e+00, 0.000000000000000000e+00, 1.248552352190017700e-01, 9.739594459533691406e-01, 0.000000000000000000e+00, 1.254322081804275513e-01, 0.000000000000000000e+00, 5.896731615066528320e-01, 6.895520687103271484e-01, 0.000000000000000000e+00, 0.000000000000000000e+00, 1.241083860397338867e+00, 0.000000000000000000e+00, 0.000000000000000000e+00, 0.000000000000000000e+00
0.000000000000000000e+00, 1.199251651763916016e+00, 3.101709187030792236e-01, 2.674976289272308350e-01, 5.125494003295898438e-01, 0.000000000000000000e+00, 0.000000000000000000e+00, 1.254909187555313110e-01, 9.749482870101928711e-01, 0.000000000000000000e+00, 1.249762475490570068e-01, 0.000000000000000000e+00, 5.907737016677856445e-01, 6.881796121597290039e-01, 0.000000000000000000e+00, 0.000000000000000000e+00, 1.241164207458496094e+00, 0.000000000000000000e+00, 0.000000000000000000e+00, 0.000000000000000000e+00
0.000000000000000000e+00, 1.198878407478332520e+00, 3.101907968521118164e-01, 2.677893042564392090e-01, 5.119627714157104492e-01, 0.000000000000000000e+00, 0.000000000000000000e+00, 1.253034323453903198e-01, 9.746685028076171875e-01, 0.000000000000000000e+00, 1.251031756401062012e-01, 0.000000000000000000e+00, 5.904910564422607422e-01, 6.886527538299560547e-01, 0.000000000000000000e+00, 0.000000000000000000e+00, 1.241212725639343262e+00, 0.000000000000000000e+00, 0.000000000000000000e+00, 0.000000000000000000e+00
0.000000000000000000e+00, 1.197985053062438965e+00, 3.101396560668945312e-01, 2.682154774665832520e-01, 5.109409689903259277e-01, 0.000000000000000000e+00, 0.000000000000000000e+00, 1.249856054782867432e-01, 9.741405248641967773e-01, 0.000000000000000000e+00, 1.253422647714614868e-01, 0.000000000000000000e+00, 5.898847579956054688e-01, 6.893298029899597168e-01, 0.000000000000000000e+00, 0.000000000000000000e+00, 1.241088747978210449e+00, 0.000000000000000000e+00, 0.000000000000000000e+00, 0.000000000000000000e+00
0.000000000000000000e+00, 1.199873805046081543e+00, 3.102780878543853760e-01, 2.672597467899322510e-01, 5.132088661193847656e-01, 0.000000000000000000e+00, 0.000000000000000000e+00, 1.256676018238067627e-01, 9.753500223159790039e-01, 0.000000000000000000e+00, 1.248501837253570557e-01, 0.000000000000000000e+00, 5.911864042282104492e-01, 6.878704428672790527e-01, 0.000000000000000000e+00, 0.000000000000000000e+00, 1.241403460502624512e+00, 0.000000000000000000e+00, 0.000000000000000000e+00, 0.000000000000000000e+00
0.000000000000000000e+00, 1.198493003845214844e+00, 3.101925849914550781e-01, 2.680884003639221191e-01, 5.114527940750122070e-01, 0.000000000000000000e+00, 0.000000000000000000e+00, 1.251424551010131836e-01, 9.744575023651123047e-01, 0.000000000000000000e+00, 1.252700239419937134e-01, 0.000000000000000000e+00, 5.901895165443420410e-01, 6.890876293182373047e-01, 0.000000000000000000e+00, 0.000000000000000000e+00, 1.241270184516906738e+00, 0.000000000000000000e+00, 0.000000000000000000e+00, 0.000000000000000000e+00
0.000000000000000000e+00, 1.198148012161254883e+00, 3.101368248462677002e-01, 2.681154906749725342e-01, 5.111186504364013672e-01, 0.000000000000000000e+00, 0.000000000000000000e+00, 1.250651329755783081e-01, 9.741970300674438477e-01, 0.000000000000000000e+00, 1.252823621034622192e-01, 0.000000000000000000e+00, 5.899843573570251465e-01, 6.891555786132812500e-01, 0.000000000000000000e+00, 0.000000000000000000e+00, 1.241066098213195801e+00, 0.000000000000000000e+00, 0.000000000000000000e+00, 0.000000000000000000e+00
0.000000000000000000e+00, 1.198319077491760254e+00, 3.101715147495269775e-01, 2.680775225162506104e-01, 5.113487243652343750e-01, 0.000000000000000000e+00, 0.000000000000000000e+00, 1.251166909933090210e-01, 9.743020534515380859e-01, 0.000000000000000000e+00, 1.252916157245635986e-01, 0.000000000000000000e+00, 5.901029109954833984e-01, 6.890870332717895508e-01, 0.000000000000000000e+00, 0.000000000000000000e+00, 1.241148710250854492e+00, 0.000000000000000000e+00, 0.000000000000000000e+00, 0.000000000000000000e+00
0.000000000000000000e+00, 1.197839379310607910e+00, 3.101309537887573242e-01, 2.683382332324981689e-01, 5.106887221336364746e-01, 0.000000000000000000e+00, 0.000000000000000000e+00, 1.249057203531265259e-01, 9.740165472030639648e-01, 0.000000000000000000e+00, 1.254031807184219360e-01, 0.000000000000000000e+00, 5.897369384765625000e-01, 6.895585060119628906e-01, 0.000000000000000000e+00, 0.000000000000000000e+00, 1.241130948066711426e+00, 0.000000000000000000e+00, 0.000000000000000000e+00, 0.000000000000000000e+00
0.000000000000000000e+00, 1.198213696479797363e+00, 3.101626634597778320e-01, 2.680734395980834961e-01, 5.112566947937011719e-01, 0.000000000000000000e+00, 0.000000000000000000e+00, 1.250957846641540527e-01, 9.742764234542846680e-01, 0.000000000000000000e+00, 1.252836436033248901e-01, 0.000000000000000000e+00, 5.900492668151855469e-01, 6.890854835510253906e-01, 0.000000000000000000e+00, 0.000000000000000000e+00, 1.241087794303894043e+00, 0.000000000000000000e+00, 0.000000000000000000e+00, 0.000000000000000000e+00
0.000000000000000000e+00, 1.198536634445190430e+00, 3.102230727672576904e-01, 2.679985463619232178e-01, 5.115106701850891113e-01, 0.000000000000000000e+00, 0.000000000000000000e+00, 1.251635998487472534e-01, 9.744900465011596680e-01, 0.000000000000000000e+00, 1.252651661634445190e-01, 0.000000000000000000e+00, 5.902341604232788086e-01, 6.889929771423339844e-01, 0.000000000000000000e+00, 0.000000000000000000e+00, 1.241226792335510254e+00, 0.000000000000000000e+00, 0.000000000000000000e+00, 0.000000000000000000e+00
0.000000000000000000e+00, 1.199084281921386719e+00, 3.102275729179382324e-01, 2.675894498825073242e-01, 5.123816728591918945e-01, 0.000000000000000000e+00, 0.000000000000000000e+00, 1.254263818264007568e-01, 9.748612642288208008e-01, 0.000000000000000000e+00, 1.250447928905487061e-01, 0.000000000000000000e+00, 5.906779766082763672e-01, 6.882926225662231445e-01, 0.000000000000000000e+00, 0.000000000000000000e+00, 1.241098046302795410e+00, 0.000000000000000000e+00, 0.000000000000000000e+00, 0.000000000000000000e+00
0.000000000000000000e+00, 1.198520302772521973e+00, 3.101742863655090332e-01, 2.680095732212066650e-01, 5.115191936492919922e-01, 0.000000000000000000e+00, 0.000000000000000000e+00, 1.251437813043594360e-01, 9.744871854782104492e-01, 0.000000000000000000e+00, 1.252516657114028931e-01, 0.000000000000000000e+00, 5.902515649795532227e-01, 6.889978647232055664e-01, 0.000000000000000000e+00, 0.000000000000000000e+00, 1.241253018379211426e+00, 0.000000000000000000e+00, 0.000000000000000000e+00, 0.000000000000000000e+00
0.000000000000000000e+00, 1.198330044746398926e+00, 3.101696670055389404e-01, 2.681463658809661865e-01, 5.112446546554565430e-01, 0.000000000000000000e+00, 0.000000000000000000e+00, 1.250656098127365112e-01, 9.743374586105346680e-01, 0.000000000000000000e+00, 1.252920776605606079e-01, 0.000000000000000000e+00, 5.900543332099914551e-01, 6.891970634460449219e-01, 0.000000000000000000e+00, 0.000000000000000000e+00, 1.241223216056823730e+00, 0.000000000000000000e+00, 0.000000000000000000e+00, 0.000000000000000000e+00
0.000000000000000000e+00, 1.198694229125976562e+00, 3.101965785026550293e-01, 2.678645849227905273e-01, 5.118328928947448730e-01, 0.000000000000000000e+00, 0.000000000000000000e+00, 1.252484619617462158e-01, 9.745559692382812500e-01, 0.000000000000000000e+00, 1.252103894948959351e-01, 0.000000000000000000e+00, 5.903626084327697754e-01, 6.887484788894653320e-01, 0.000000000000000000e+00, 0.000000000000000000e+00, 1.241163849830627441e+00, 0.000000000000000000e+00, 0.000000000000000000e+00, 0.000000000000000000e+00
0.000000000000000000e+00, 1.199606060981750488e+00, 3.102591931819915771e-01, 2.672888636589050293e-01, 5.130066275596618652e-01, 0.000000000000000000e+00, 0.000000000000000000e+00, 1.256306171417236328e-01, 9.752436876296997070e-01, 0.000000000000000000e+00, 1.249208301305770874e-01, 0.000000000000000000e+00, 5.910419821739196777e-01, 6.879254579544067383e-01, 0.000000000000000000e+00, 0.000000000000000000e+00, 1.241321682929992676e+00, 0.000000000000000000e+00, 0.000000000000000000e+00, 0.000000000000000000e+00
0.000000000000000000e+00, 1.198188424110412598e+00, 3.101694881916046143e-01, 2.682234644889831543e-01, 5.111075639724731445e-01, 0.000000000000000000e+00, 0.000000000000000000e+00, 1.250147223472595215e-01, 9.742689132690429688e-01, 0.000000000000000000e+00, 1.253408193588256836e-01, 0.000000000000000000e+00, 5.899695158004760742e-01, 6.893465518951416016e-01, 0.000000000000000000e+00, 0.000000000000000000e+00, 1.241213917732238770e+00, 0.000000000000000000e+00, 0.000000000000000000e+00, 0.000000000000000000e+00
0.000000000000000000e+00, 1.197819709777832031e+00, 3.101588487625122070e-01, 2.683603465557098389e-01, 5.106404423713684082e-01, 0.000000000000000000e+00, 0.000000000000000000e+00, 1.248653978109359741e-01, 9.740121364593505859e-01, 0.000000000000000000e+00, 1.254276931285858154e-01, 0.000000000000000000e+00, 5.897101163864135742e-01, 6.895799636840820312e-01, 0.000000000000000000e+00, 0.000000000000000000e+00, 1.241172432899475098e+00, 0.000000000000000000e+00, 0.000000000000000000e+00, 0.000000000000000000e+00
0.000000000000000000e+00, 1.199281573295593262e+00, 3.102898895740509033e-01, 2.676920294761657715e-01, 5.123769044876098633e-01, 0.000000000000000000e+00, 0.000000000000000000e+00, 1.254324615001678467e-01, 9.749889373779296875e-01, 0.000000000000000000e+00, 1.250794827938079834e-01, 0.000000000000000000e+00, 5.907601714134216309e-01, 6.885164380073547363e-01, 0.000000000000000000e+00, 0.000000000000000000e+00, 1.241413354873657227e+00, 0.000000000000000000e+00, 0.000000000000000000e+00, 0.000000000000000000e+00
0.000000000000000000e+00, 1.199306368827819824e+00, 3.102194070816040039e-01, 2.674406468868255615e-01, 5.125454068183898926e-01, 0.000000000000000000e+00, 0.000000000000000000e+00, 1.254862546920776367e-01, 9.749318361282348633e-01, 0.000000000000000000e+00, 1.250115334987640381e-01, 0.000000000000000000e+00, 5.907868146896362305e-01, 6.881806850433349609e-01, 0.000000000000000000e+00, 0.000000000000000000e+00, 1.241244077682495117e+00, 0.000000000000000000e+00, 0.000000000000000000e+00, 0.000000000000000000e+00
0.000000000000000000e+00, 1.199045896530151367e+00, 3.102626204490661621e-01, 2.677005529403686523e-01, 5.121951699256896973e-01, 0.000000000000000000e+00, 0.000000000000000000e+00, 1.253600567579269409e-01, 9.748016595840454102e-01, 0.000000000000000000e+00, 1.251137256622314453e-01, 0.000000000000000000e+00, 5.905994176864624023e-01, 6.885388493537902832e-01, 0.000000000000000000e+00, 0.000000000000000000e+00, 1.241271376609802246e+00, 0.000000000000000000e+00, 0.000000000000000000e+00, 0.000000000000000000e+00
0.000000000000000000e+00, 1.198138833045959473e+00, 3.101662099361419678e-01, 2.682192325592041016e-01, 5.110159516334533691e-01, 0.000000000000000000e+00, 0.000000000000000000e+00, 1.250111013650894165e-01, 9.742417335510253906e-01, 0.000000000000000000e+00, 1.253446638584136963e-01, 0.000000000000000000e+00, 5.899541974067687988e-01, 6.892898082733154297e-01, 0.000000000000000000e+00, 0.000000000000000000e+00, 1.241162538528442383e+00, 0.000000000000000000e+00, 0.000000000000000000e+00, 0.000000000000000000e+00
0.000000000000000000e+00, 1.198105573654174805e+00, 3.101443648338317871e-01, 2.681971192359924316e-01, 5.110183954238891602e-01, 0.000000000000000000e+00, 0.000000000000000000e+00, 1.250149905681610107e-01, 9.741662740707397461e-01, 0.000000000000000000e+00, 1.253429055213928223e-01, 0.000000000000000000e+00, 5.899324417114257812e-01, 6.893001794815063477e-01, 0.000000000000000000e+00, 0.000000000000000000e+00, 1.241139531135559082e+00, 0.000000000000000000e+00, 0.000000000000000000e+00, 0.000000000000000000e+00
0.000000000000000000e+00, 1.197626233100891113e+00, 3.101330995559692383e-01, 2.684543728828430176e-01, 5.104234218597412109e-01, 0.000000000000000000e+00, 0.000000000000000000e+00, 1.248144060373306274e-01, 9.738955497741699219e-01, 0.000000000000000000e+00, 1.254646629095077515e-01, 0.000000000000000000e+00, 5.895816683769226074e-01, 6.897631883621215820e-01, 0.000000000000000000e+00, 0.000000000000000000e+00, 1.241137862205505371e+00, 0.000000000000000000e+00, 0.000000000000000000e+00, 0.000000000000000000e+00
0.000000000000000000e+00, 1.197982549667358398e+00, 3.101550042629241943e-01, 2.682424783706665039e-01, 5.108876824378967285e-01, 0.000000000000000000e+00, 0.000000000000000000e+00, 1.249642670154571533e-01, 9.741568565368652344e-01, 0.000000000000000000e+00, 1.253915131092071533e-01, 0.000000000000000000e+00, 5.898709297180175781e-01, 6.894091367721557617e-01, 0.000000000000000000e+00, 0.000000000000000000e+00, 1.241141438484191895e+00, 0.000000000000000000e+00, 0.000000000000000000e+00, 0.000000000000000000e+00
